epoch,valid_error,relative_coef_change
1,0.2161163220474912,1.0
2,0.21378011785627113,0.3051283860268989
3,0.21210641933121796,0.1938260551075377
4,0.21099062031451585,0.1366315483352898
5,0.2104327208061648,0.10773960437376673
6,0.20956100282436627,0.08873759059327699
7,0.20914257819310297,0.075142933876926
8,0.20813138533421668,0.06534007591258043
9,0.2072945360716901,0.05418535058058564
10,0.20691098015969872,0.05148767314447645
11,0.2066320304055232,0.04937164140034454
12,0.20642281808989155,0.04300203071679392
13,0.20610899961644408,0.03415844089095721
14,0.20558596882736496,0.03334484541508376
15,0.20530701907318943,0.03231645289451406
16,0.20495833188047002,0.031442149476054386
17,0.20447016981066285,0.030558753378915567
18,0.20422608877575926,0.029604769548877315
19,0.20394713902158373,0.022641309401494406
20,0.20398200774085568,0.018879652425007016
21,0.20394713902158373,0.01857855779846515
22,0.20363332054813627,0.018274329997424704
23,0.2034938456710485,0.01797249377372041
24,0.2030754210397852,0.01767605784881658
25,0.20279647128560968,0.01732236559870694
26,0.20269186512779386,0.017132381957155798
27,0.20227344049653057,0.016760927101635934
28,0.20202935946162698,0.016544883541836523
29,0.20182014714599533,0.016260069124846094
30,0.20161093483036369,0.015979784646484013
31,0.20157606611109175,0.011415522308003457
32,0.2013668537954601,0.008056017960422263
33,0.20133198507618816,0.007988277808863135
34,0.20133198507618816,0.00792778229578523
35,0.2011925101991004,0.008248833724394094
36,0.2011227727605565,0.0153126158647565
37,0.2011227727605565,0.014988735896771034
38,0.2009484291641968,0.014732971296390179
39,0.20084382300638098,0.014539618194282412
40,0.20073921684856516,0.013756843969874146
41,0.20066947941002128,0.007348277679053751
42,0.20046026709438963,0.007333979014906327
43,0.20032079221730187,0.007309686269914952
44,0.200251054778758,0.007316481109873292
45,0.20021618605948605,0.007324757255773197
46,0.20014644862094216,0.007306882250123751
47,0.20004184246312634,0.007319395263387036
48,0.2000069737438544,0.007313773952500438
49,0.19990236758603858,0.007314659213127646
50,0.19986749886676664,0.007300662748137784
51,0.19969315527040693,0.007302411153767133
52,0.199658286551135,0.007256784776512316
53,0.19948394295477528,0.007271068119021588
54,0.19930959935841558,0.007276816183679022
55,0.1991701244813278,0.0073042156011495565
56,0.1991003870427839,0.007302996608969359
57,0.1991003870427839,0.007302846004511131
58,0.19913525576205585,0.007339375952514639
59,0.1992398619198717,0.007338128095538552
60,0.1992398619198717,0.007326522005233514
61,0.19927473063914364,0.007383576570503598
62,0.19913525576205585,0.007371431833575144
63,0.1991003870427839,0.007405713878578974
64,0.19896091216569614,0.007410624820011641
65,0.19878656856933644,0.007410766994940041
66,0.19882143728860838,0.007393876486904114
67,0.19882143728860838,0.007395122594512164
68,0.1986819624115206,0.007404028581913455
69,0.1985773562537048,0.007405231621616838
70,0.19847275009588897,0.007333874845970927
71,0.1985076188151609,0.007327232800778591
72,0.19843788137661703,0.007313154883488807
73,0.19840301265734508,0.007308818375243834
74,0.19854248753443285,0.007340176974075864
75,0.1985773562537048,0.007347532396727807
76,0.19854248753443285,0.00735766420450535
77,0.19847275009588897,0.007353892939382146
78,0.19843788137661703,0.007363744914092316
79,0.19843788137661703,0.007365521550704125
80,0.19840301265734508,0.0073620854287562475
81,0.1983332752188012,0.007361307744670814
82,0.19836814393807314,0.007364075996454455
83,0.19822866906098538,0.0073562772300800085
84,0.19822866906098538,0.007358679434861562
85,0.19826353778025732,0.007365036741656058
86,0.1983332752188012,0.007354595788472631
87,0.19822866906098538,0.007367707412314591
88,0.19829840649952926,0.00735455430418495
89,0.19826353778025732,0.007360095728706121
90,0.19812406290316956,0.007362135927163583
91,0.19805432546462567,0.007359646682085235
92,0.1979148505875379,0.00640538287810373
93,0.19787998186826597,0.003695892392049197
94,0.19787998186826597,0.003693570731424528
95,0.1979148505875379,0.0036904725948991705
96,0.1979845880260818,0.0036924404181804525
97,0.1979845880260818,0.004321446782457676
98,0.1979845880260818,0.003688570702500656
99,0.19794971930680985,0.004707558512858026
100,0.1979148505875379,0.0036932164853810804
101,0.1979148505875379,0.003694826391174546
102,0.1979845880260818,0.0036935586010777483
103,0.1979845880260818,0.003694055634978182
104,0.19805432546462567,0.0036934479674613258
105,0.19805432546462567,0.0036940597218491408
106,0.19805432546462567,0.0036954178467144363
107,0.19812406290316956,0.0036988173807797134
108,0.19801945674535373,0.0036969902882438774
109,0.19801945674535373,0.0036983199381690163
110,0.19801945674535373,0.00370125337018176
111,0.19805432546462567,0.0036935090050371562
112,0.19801945674535373,0.003696771883800916
113,0.19801945674535373,0.00369364647998768
114,0.19808919418389762,0.0036948056818807903
115,0.19808919418389762,0.003697017946663283
116,0.19812406290316956,0.0036938075267146995
117,0.19812406290316956,0.003696103583168775
118,0.19812406290316956,0.003696019790139116
119,0.1981589316224415,0.0036970159015909556
120,0.19819380034171344,0.0036953856910842543
121,0.19819380034171344,0.0018528655843666614
122,0.1981589316224415,0.001854415071678493
123,0.1981589316224415,0.0018611796180565082
124,0.19819380034171344,0.0018575289061418727
125,0.19822866906098538,0.0018558136704715492
126,0.19819380034171344,0.001859313083054407
127,0.19819380034171344,0.0018582335803344373
128,0.19819380034171344,0.001855385169575157
129,0.19822866906098538,0.0018532692969793416
130,0.19822866906098538,0.0019099004272901934
131,0.19822866906098538,0.0018499368612414316
132,0.19822866906098538,0.0021306982404010436
133,0.1981589316224415,0.002074454503031479
134,0.19822866906098538,0.0036892239865247973
135,0.19819380034171344,0.0036834161169638883
136,0.19819380034171344,0.0036882014395015813
137,0.19822866906098538,0.0036815341194161586
138,0.19826353778025732,0.0036865960247492316
139,0.19826353778025732,0.003682751091485654
140,0.19829840649952926,0.0036903567586417177
141,0.19826353778025732,0.003681922152492166
142,0.19826353778025732,0.0036902750080901
143,0.19826353778025732,0.0036866802237415204
144,0.19822866906098538,0.003691381346579893
145,0.19819380034171344,0.0036889750603645937
146,0.1981589316224415,0.0036911051703186165
147,0.1981589316224415,0.003689695404998572
148,0.1981589316224415,0.003692183850465503
149,0.1981589316224415,0.0036891422355700776
150,0.19819380034171344,0.0036914675891767694
151,0.19819380034171344,0.0036894485196458785
152,0.19822866906098538,0.0031558883030944973
153,0.19819380034171344,0.0022733616578364184
154,0.19819380034171344,0.002030962904876037
155,0.19819380034171344,0.0009231159258026715
156,0.1981589316224415,0.0016608924953105024
157,0.1981589316224415,0.0017195841976153285
158,0.1981589316224415,0.0016573525749454048
159,0.1981589316224415,0.0010058291958975577
160,0.1981589316224415,0.0021589401702215225
161,0.1981589316224415,0.0011598043503297836
162,0.1981589316224415,0.0012150661901436561
163,0.1981589316224415,0.001992353636934609
164,0.1981589316224415,0.0014890515971853365
165,0.1981589316224415,0.0011672587065149976
166,0.1981589316224415,0.0013942106955277059
167,0.1981589316224415,0.001010116822952058
168,0.19812406290316956,0.0009124822459957654
169,0.19812406290316956,0.0013745456396061205
170,0.19812406290316956,0.0009149578860212037
171,0.19812406290316956,0.0011773128391765104
172,0.1981589316224415,0.0009182908400592423
173,0.19819380034171344,0.0009234631894208092
174,0.1981589316224415,0.0009162166530715744
175,0.19819380034171344,0.0009151588153294686
176,0.19822866906098538,0.0011901747123705263
177,0.19822866906098538,0.0009189412221690072
178,0.19822866906098538,0.001177977165110413
179,0.19822866906098538,0.000911950626620929
180,0.19819380034171344,0.0008691421138076103
181,0.19819380034171344,0.0005907034773093195
182,0.19819380034171344,0.001061092297770976
183,0.19819380034171344,0.0006244054104975672
184,0.19819380034171344,0.00046381300214774106
185,0.19819380034171344,0.0006643028570499245
186,0.19812406290316956,0.0005467955421953735
187,0.1981589316224415,0.0004596676781948575
188,0.1981589316224415,0.0004593219464223068
189,0.1981589316224415,0.0005891407696973901
190,0.19812406290316956,0.0004603418551513315
191,0.1981589316224415,0.0006273233866578956
192,0.1981589316224415,0.00046178701396059366
193,0.1981589316224415,0.0006291626796878656
194,0.19812406290316956,0.0005887812086539374
195,0.19812406290316956,0.0006067177730138706
196,0.19812406290316956,0.0006753662737715487
197,0.1981589316224415,0.0005874121108346363
198,0.19812406290316956,0.0006835532021455506
199,0.19812406290316956,0.0007092479874815227
200,0.19812406290316956,0.00046078439182019646
