duplicate_group,variable,representative,group_size
1,D20110000,D20110000,2
1,D2Z000067,D20110000,2
2,DA0D00013,DA0D00013,4
2,DA0D00036,DA0D00013,4
2,DA0D00037,DA0D00013,4
2,DA0D00038,DA0D00013,4
3,DD0210X13,DD0210X13,2
3,DD0210X16,DD0210X13,2
4,DDC001000,DDC001000,10
4,C1L120066_SV_FLAG_9999999_9,DDC001000,10
4,C1Z001340_SV_FLAG_8888888_8,DDC001000,10
4,C1Z001358_SV_FLAG_8888888_8,DDC001000,10
4,C1Z001380_SV_FLAG_8888888_8,DDC001000,10
4,C1Z001396_SV_FLAG_8888888_8,DDC001000,10
4,C1Z001426_SV_FLAG_8888888_8,DDC001000,10
4,C1Z001474_SV_FLAG_8888888_8,DDC001000,10
4,DA1000104_SV_FLAG_0_0,DDC001000,10
4,UR1101100_SV_FLAG_0_0,DDC001000,10
5,D3011000K,D3011000K,4
5,D3011000N,D3011000K,4
5,D3011000R,D3011000K,4
5,D30210000,D3011000K,4
6,L2M000114,L2M000114,2
6,L2M000138,L2M000114,2
7,L2Z000262,L2Z000262,2
7,L2Z000993,L2Z000262,2
8,L2Z000263,L2Z000263,2
8,L2Z000990,L2Z000263,2
9,L2Z000265,L2Z000265,2
9,L2Z000991,L2Z000265,2
10,L2Z000268,L2Z000268,2
10,L2Z000976,L2Z000268,2
11,C1M1A8003,C1M1A8003,2
11,C1N1A8003,C1M1A8003,2
12,C1Z000294,C1Z000294,2
12,C1Z000753,C1Z000294,2
13,C1Z001141,C1Z001141,2
13,C1Z001205,C1Z001141,2
14,AL012G003_SV_FLAG_M9_0,AL012G003_SV_FLAG_M9_0,15
14,AL012G004_SV_FLAG_M9_0,AL012G003_SV_FLAG_M9_0,15
14,AL012G005_SV_FLAG_M9_0,AL012G003_SV_FLAG_M9_0,15
14,AL012G009_SV_FLAG_M9_0,AL012G003_SV_FLAG_M9_0,15
14,AL012G010_SV_FLAG_M9_0,AL012G003_SV_FLAG_M9_0,15
14,AL012G011_SV_FLAG_M9_0,AL012G003_SV_FLAG_M9_0,15
14,AL012G013_SV_FLAG_M9_0,AL012G003_SV_FLAG_M9_0,15
14,AL012G014_SV_FLAG_M9_0,AL012G003_SV_FLAG_M9_0,15
14,AL012G015_SV_FLAG_M9_0,AL012G003_SV_FLAG_M9_0,15
14,AL012G017_SV_FLAG_M9_0,AL012G003_SV_FLAG_M9_0,15
14,AL012G018_SV_FLAG_M9_0,AL012G003_SV_FLAG_M9_0,15
14,AL012G019_SV_FLAG_M9_0,AL012G003_SV_FLAG_M9_0,15
14,AS1360004_SV_FLAG_M88888888_0,AL012G003_SV_FLAG_M9_0,15
14,AS1360006_SV_FLAG_M88888888_0,AL012G003_SV_FLAG_M9_0,15
14,U5DD01006_SV_FLAG_9999999_9,AL012G003_SV_FLAG_M9_0,15
15,AS1340126_SV_FLAG_M99999999_0,AS1340126_SV_FLAG_M99999999_0,3
15,AS1350127_SV_FLAG_M99999999_0,AS1340126_SV_FLAG_M99999999_0,3
15,AS3C30110_SV_FLAG_M99999999_0,AS1340126_SV_FLAG_M99999999_0,3
16,AS1C30102_SV_FLAG_M99999999_0,AS1C30102_SV_FLAG_M99999999_0,3
16,AS1C40101_SV_FLAG_M99999999_0,AS1C30102_SV_FLAG_M99999999_0,3
16,AS1C50101_SV_FLAG_M99999999_0,AS1C30102_SV_FLAG_M99999999_0,3
17,C1L120066_SV_FLAG_8888888_8,C1L120066_SV_FLAG_8888888_8,2
17,C1L120123_SV_FLAG_8888888_8,C1L120066_SV_FLAG_8888888_8,2
18,C1L120238_SV_FLAG_8888888_8,C1L120238_SV_FLAG_8888888_8,12
18,C1L120250_SV_FLAG_8888888_8,C1L120238_SV_FLAG_8888888_8,12
18,C1L120255_SV_FLAG_8888888_8,C1L120238_SV_FLAG_8888888_8,12
18,C1L120256_SV_FLAG_8888888_8,C1L120238_SV_FLAG_8888888_8,12
18,C1L120292_SV_FLAG_8888888_8,C1L120238_SV_FLAG_8888888_8,12
18,C1L120301_SV_FLAG_8888888_8,C1L120238_SV_FLAG_8888888_8,12
18,C1L120331_SV_FLAG_8888888_8,C1L120238_SV_FLAG_8888888_8,12
18,C1L120333_SV_FLAG_8888888_8,C1L120238_SV_FLAG_8888888_8,12
18,C1L120347_SV_FLAG_8888888_8,C1L120238_SV_FLAG_8888888_8,12
18,C1L120354_SV_FLAG_8888888_8,C1L120238_SV_FLAG_8888888_8,12
18,C1L120357_SV_FLAG_8888888_8,C1L120238_SV_FLAG_8888888_8,12
18,C1P000005_SV_FLAG_8888888_8,C1L120238_SV_FLAG_8888888_8,12
19,C1L120238_SV_FLAG_9999999_9,C1L120238_SV_FLAG_9999999_9,6
19,C1L120292_SV_FLAG_9999999_9,C1L120238_SV_FLAG_9999999_9,6
19,C1L120301_SV_FLAG_9999999_9,C1L120238_SV_FLAG_9999999_9,6
19,C1L120331_SV_FLAG_9999999_9,C1L120238_SV_FLAG_9999999_9,6
19,C1L120333_SV_FLAG_9999999_9,C1L120238_SV_FLAG_9999999_9,6
19,C1L120347_SV_FLAG_9999999_9,C1L120238_SV_FLAG_9999999_9,6
20,C1L120256_SV_FLAG_9999999_9,C1L120256_SV_FLAG_9999999_9,2
20,C1L120357_SV_FLAG_9999999_9,C1L120256_SV_FLAG_9999999_9,2
21,D2Z000071_SV_FLAG_999999999_0,D2Z000071_SV_FLAG_999999999_0,2
21,D2Z000072_SV_FLAG_999999999_0,D2Z000071_SV_FLAG_999999999_0,2
22,U84010100_SV_FLAG_0_0,U84010100_SV_FLAG_0_0,2
22,U84010200_SV_FLAG_0_0,U84010100_SV_FLAG_0_0,2
