variable_group,variable_1,variable_2,sample_spearman_rho,joint_observed_n,exact_same_n_including_missing,exact_same_pct,different_n_including_missing,median_abs_diff_joint,p90_abs_diff_joint
AS,AS1C20103,AS1C30101,0.9965207853895321,162355,139721,86.05894490468418,22634,0.0,442.0
AS,AS1C20103,AS1C40102,0.9956218466682553,162355,139721,86.05894490468418,22634,0.0,371.0
AS,AS1C20103,AS1C50102,0.9901871430785812,162355,139798,86.10637183948754,22557,0.0,147.0
AS,AS1C30101,AS1C40102,0.9998580726769378,162355,151557,93.34914231160111,10798,0.0,0.0
AS,AS1C30101,AS1C50102,0.9956776785805793,162355,151511,93.32080933756275,10844,0.0,0.0
AS,AS1C40102,AS1C50102,0.9962165994620773,162355,151549,93.34421483785532,10806,0.0,0.0
C,C20220000,C23220000,0.9908024013519471,162355,156001,96.0863539773952,6354,0.0,0.0
C,C20220000,C1Z001189,0.982751910248578,162355,149664,92.18317883650026,12691,0.0,0.0
C,C20220006,C2Z000026,0.9999697497660742,162355,162179,99.89159557759231,176,0.0,0.0
C,C23220000,C1Z001189,0.9902980843384303,162355,154898,95.4069785346925,7457,0.0,0.0
C,C1L120014,C1L120032,0.9983567151790772,162355,160723,98.99479535585598,1632,0.0,0.0
C,C1L120066,C1L120123,0.984233451651883,95607,111633,68.75858458316651,50722,0.20000076293945312,6.5
C,C1L120066,C1L120331,0.9842413121094795,95624,73559,45.30750515844908,88796,0.20000076293945312,6.5
C,C1L120066,C1L120333,0.9999999994309404,95624,124152,76.46946506113147,38203,0.0,0.0
C,C1L120123,C1L120331,0.9999999985468074,95607,124109,76.44297988974778,38246,0.0,0.0
C,C1L120123,C1L120333,0.9842334384393361,95607,73497,45.2693172369191,88858,0.20000076293945312,6.5
C,C1L120238,C1L120292,0.98407082428025,133760,87655,53.989713898555635,74700,0.3000030517578125,6.3000030517578125
C,C1L120250,C1N238000,0.9826725353815697,133441,79586,49.019740691694125,82769,0.0,513.7999992370605
C,C1L120256,C1L120357,0.9983673660663082,133503,128576,79.19435804256105,33779,0.0,2.799999713897705
C,C1L120331,C1L120333,0.9826047243206828,133760,98235,60.50629792738136,64120,0.0,6.600000381469727
C,C1M126W03,C1N2C6W03,0.994437009053216,162355,155657,95.87447260632564,6698,0.0,0.0
C,C1M126W03,C1Z000978,0.9810327145037406,162355,102085,62.877644667549504,60270,0.0,1.0
C,C1M126W06,C1N2C6W06,0.9882949706547809,162355,151585,93.36638846971144,10770,0.0,0.0
C,C1M1A8003,C1N1A8003,1.0,162355,162355,100.0,0,0.0,0.0
C,C1N218000,C1N228000,0.9999954938385096,162355,162313,99.97413076283453,42,0.0,0.0
C,C1N296W03,C1N2A6W03,0.9950588960944999,162355,87091,53.64232699947645,75264,0.0,174.0
C,C1N296W03,C1N2B6W03,0.9957628530787247,162355,106358,65.50953158202704,55997,0.0,560.0
C,C1N296W06,C1N2A6W06,0.9873852007911612,162355,72205,44.47353022697176,90150,20.0,296.0
C,C1N296W06,C1N2B6W06,0.9890813978286878,162355,89108,54.884666317637276,73247,0.0,1520.0
C,C1N2A3W03,C1N2B3W03,0.999998828251778,162355,221,0.13612146222783408,162134,557.0,1605.0
C,C1N2A3W06,C1N2B3W06,0.999998668717088,162355,103,0.06344122447722583,162252,1401.0,3961.0
C,C1N2A3W0C,C1Z000968,0.9999986052854702,162355,46,0.0283329740383727,162309,3089.0,8557.0
C,C1N2A6W03,C1N2B6W03,0.9992991683110367,162355,84801,52.23183763974008,77554,0.0,720.0
C,C1N2A6W06,C1N2B6W06,0.9983137540620534,162355,71317,43.92658064118752,91038,42.0,1793.0
C,C1N2B6W0C,C1Z000963,0.9968837705369917,162355,58213,35.855378645560656,104142,165.0,3894.0
C,C1N2C6W03,C1Z000978,0.9831601393403626,162355,103675,63.85698007452804,58680,0.0,0.7000000476837158
C,C1N2D6W06,C1Z000294,0.9851451264405846,162355,71447,44.00665208955684,90908,0.7999999970197678,4.199999988079071
C,C1N2D6W06,C1Z000753,0.9851451264405846,162355,71447,44.00665208955684,90908,0.7999999970197678,4.199999988079071
C,C1P000001,C1P000011,0.9932108544828883,162355,159542,98.26737704413169,2813,0.0,0.0
C,C1Z000294,C1Z000753,1.0,162355,162355,100.0,0,0.0,0.0
C,C1Z001141,C1Z001205,1.0,162355,162355,100.0,0,0.0,0.0
C,C1Z001340,C1Z001426,0.9825089520401227,161907,94783,58.38009300606694,67572,0.0,5.600000381469727
C,C1Z001358,C1Z001380,-0.9957068180589579,161954,127,0.07822364571463768,162228,91.80000162124634,100.0
D,D10110D0K,D10120D0K,0.9999959753492769,162355,162039,99.80536478704074,316,0.0,0.0
D,D10110D0K,D10142D0K,0.9999843174147226,162355,160690,98.97446952665454,1665,0.0,0.0
D,D10110D0K,D10175D0K,0.9999836337431938,162355,160690,98.97446952665454,1665,0.0,0.0
D,D10110D0N,D10120D0N,0.9999743373593504,162355,161612,99.54236087585846,743,0.0,0.0
D,D10110D0N,D10142D0N,0.999921323405682,162355,159341,98.14357426626836,3014,0.0,0.0
D,D10110D0N,D10175D0N,0.9999085083085961,162355,159341,98.14357426626836,3014,0.0,0.0
D,D10110D0T,D10120D0T,0.9998515504453555,162355,160456,98.83034091958979,1899,0.0,0.0
D,D10110D0T,D10142D0T,0.999588285750623,162355,156431,96.35120569123218,5924,0.0,0.0
D,D10110D0T,D10175D0T,0.999590016001555,162355,156436,96.3542853623233,5919,0.0,0.0
D,D10120D0K,D10142D0K,0.9999855795935939,162355,160690,98.97446952665454,1665,0.0,0.0
D,D10120D0K,D10175D0K,0.9999855195535511,162355,160690,98.97446952665454,1665,0.0,0.0
D,D10120D0N,D10142D0N,0.9999317339381486,162355,159341,98.14357426626836,3014,0.0,0.0
D,D10120D0N,D10175D0N,0.999919749396,162355,159341,98.14357426626836,3014,0.0,0.0
D,D10120D0T,D10142D0T,0.9996381968280027,162355,156431,96.35120569123218,5924,0.0,0.0
D,D10120D0T,D10175D0T,0.9996177988018498,162355,156431,96.35120569123218,5924,0.0,0.0
D,D10142D0K,D10175D0K,0.9999814342879864,162355,160700,98.9806288688368,1655,0.0,0.0
D,D10142D0N,D10175D0N,0.99990721168567,162355,159360,98.15527701641464,2995,0.0,0.0
D,D10142D0T,D10175D0T,0.9995319890531726,162355,156463,96.37091558621539,5892,0.0,0.0
D,D20110000,D20210000,1.0,162355,162350,99.99692032890887,5,0.0,0.0
D,D20110000,D2Z000067,1.0,162355,162355,100.0,0,0.0,0.0
D,D20210000,D2Z000067,1.0,162355,162350,99.99692032890887,5,0.0,0.0
DA,DA1000055,DA1000090,0.9999940201900553,162355,161441,99.4370361245419,914,0.0,0.0
DA,DA1000066,DA1000097,0.9999906835987945,162355,161151,99.25841520125651,1204,0.0,0.0
DA,DA1000066,DA1000098,0.9999978858150075,162355,161830,99.67663453543162,525,0.0,0.0
DA,DA1000091,DA1000092,0.9999995402118146,162355,162098,99.84170490591605,257,0.0,0.0
DA,DA1000091,DA1000147,0.9999983719336495,162355,161666,99.57562132364264,689,0.0,0.0
DA,DA1000092,DA1000147,0.9999969009339299,162355,161666,99.57562132364264,689,0.0,0.0
DA,DA1000097,DA1000098,0.9999962646856314,162355,161150,99.25779926703828,1205,0.0,0.0
DA,DA0D00013,DA0D00023,0.9999999977903632,162355,162305,99.96920328908872,50,0.0,0.0
DA,DA0D00013,DA0D00036,1.0,162355,162355,100.0,0,0.0,0.0
DA,DA0D00013,DA0D00037,1.0,162355,162355,100.0,0,0.0,0.0
DA,DA0D00013,DA0D00038,1.0,162355,162355,100.0,0,0.0,0.0
DA,DA0D00023,DA0D00036,0.9999999977903632,162355,162305,99.96920328908872,50,0.0,0.0
DA,DA0D00023,DA0D00037,0.9999999977903632,162355,162305,99.96920328908872,50,0.0,0.0
DA,DA0D00023,DA0D00038,0.9999999977903632,162355,162305,99.96920328908872,50,0.0,0.0
DA,DA0D00024,DA0D00033,0.999994991677317,162355,161456,99.44627513781528,899,0.0,0.0
DA,DA0D00025,DA0D00034,0.9999922393357801,162355,161252,99.32062455729728,1103,0.0,0.0
DA,DA0D00026,DA0D00035,0.9999856892882524,162355,160957,99.13892396292076,1398,0.0,0.0
DA,DA0D00036,DA0D00037,1.0,162355,162355,100.0,0,0.0,0.0
DA,DA0D00036,DA0D00038,1.0,162355,162355,100.0,0,0.0,0.0
DA,DA0D00037,DA0D00038,1.0,162355,162355,100.0,0,0.0,0.0
DUN,DUN000002,DUN000008,0.9801117607510671,162355,162008,99.78627082627575,347,0.0,0.0
DUN,DUN000002,DUN000012,0.9999989599025936,162355,162013,99.78935049736688,342,0.0,0.0
DUN,DUN000002,DUN000024,0.9999989599025936,162355,162013,99.78935049736688,342,0.0,0.0
DUN,DUN000007,DUN000009,0.9987476903369166,162355,151515,93.32327307443565,10840,0.0,0.0
DUN,DUN000008,DUN000012,0.9801128593475379,162355,162345,99.99384065781774,10,0.0,0.0
DUN,DUN000008,DUN000024,0.9801128593475379,162355,162350,99.99692032890887,5,0.0,0.0
DUN,DUN000011,DUN000013,0.9999720423585584,162355,160232,98.69237165470727,2123,0.0,0.0
DUN,DUN000012,DUN000024,1.0,162355,162350,99.99692032890887,5,0.0,0.0
DUN,DUN000022,DUN000023,0.9999879601322839,162355,161812,99.66554771950355,543,0.0,0.0
DUN,DUN000022,DUN000025,0.9999682332334646,162355,160082,98.59998152197346,2273,0.0,0.0
DUN,DUN000022,DUN000027,0.999969056605247,162355,160082,98.59998152197346,2273,0.0,0.0
DUN,DUN000023,DUN000025,0.9999664275024368,162355,160082,98.59998152197346,2273,0.0,0.0
DUN,DUN000023,DUN000027,0.9999690777920028,162355,160082,98.59998152197346,2273,0.0,0.0
DUN,DUN000025,DUN000027,0.9999642868184119,162355,160096,98.60860460102862,2259,0.0,0.0
G,G20120R00,G20183R00,0.9858575084274279,162355,133503,82.22906593575806,28852,0.0,5446.0
G,G20220R00,G20231R00,0.9837369965973967,162355,160723,98.99479535585598,1632,0.0,0.0
L,L2M000079,L2M000114,0.9813237690642759,162355,153033,94.25826121770194,9322,0.0,0.0
L,L2M000079,L2M000138,0.9813237690642759,162355,153033,94.25826121770194,9322,0.0,0.0
L,L2M000080,L2M000114,0.9976480077383212,162355,161255,99.32247235995195,1100,0.0,0.0
L,L2M000080,L2M000138,0.9976480077383212,162355,161255,99.32247235995195,1100,0.0,0.0
L,L2M000080,L2Z000310,0.995893502183569,162355,159584,98.29324628129716,2771,0.0,0.0
L,L2M000083,L2Z001255,0.995460020541873,162355,154124,94.93024544978597,8231,0.0,0.0
L,L2M000083,L2Z001376,0.9863513959265278,162355,123790,76.24649687413384,38565,0.0,1329.0
L,L2M000114,L2M000138,1.0,162355,162355,100.0,0,0.0,0.0
L,L2M000114,L2Z000310,0.9982109064005499,162355,160677,98.96646238181762,1678,0.0,0.0
L,L2M000138,L2Z000310,0.9982109064005499,162355,160677,98.96646238181762,1678,0.0,0.0
L,L2M000139,L2Z000369,0.9841820995873451,162355,150029,92.40799482615256,12326,0.0,0.0
L,L2M000139,L2Z001049,0.9953252562411908,162355,157954,97.2892735055896,4401,0.0,0.0
L,L2Z000133,L2Z000276,0.9817374411740697,162355,151778,93.48526377382895,10577,0.0,0.0
L,L2Z000133,L2Z001379,0.9834540900196679,162355,151428,93.26968679745003,10927,0.0,0.0
L,L2Z000134,L2Z001186,0.9998508615574478,162355,162278,99.95257306519663,77,0.0,0.0
L,L2Z000144,L2Z000277,0.9828901847694866,162355,152634,94.01250346462999,9721,0.0,0.0
L,L2Z000144,L2Z000989,0.9806983920823753,162355,149925,92.34393766745713,12430,0.0,0.0
L,L2Z000144,L2Z001371,0.9920806515668704,162355,157500,97.00963937051523,4855,0.0,0.0
L,L2Z000223,L2Z001195,0.9977220335710596,162355,162208,99.90945766992085,147,0.0,0.0
L,L2Z000223,L2Z001199,0.9989149672515221,162355,162288,99.95873240737889,67,0.0,0.0
L,L2Z000223,L2Z001203,0.9985896566351729,162355,162233,99.92485602537649,122,0.0,0.0
L,L2Z000242,L2Z001104,0.9835053609628013,162355,150637,92.78248283083367,11718,0.0,0.0
L,L2Z000262,L2Z000993,1.0,162355,162355,100.0,0,0.0,0.0
L,L2Z000263,L2Z000970,0.9881568284022723,162355,156856,96.61297773397801,5499,0.0,0.0
L,L2Z000263,L2Z000990,1.0,162355,162355,100.0,0,0.0,0.0
L,L2Z000265,L2Z000268,0.995542196117413,162355,137215,84.5154137538111,25140,0.0,626.0
L,L2Z000265,L2Z000976,0.995542196117413,162355,137215,84.5154137538111,25140,0.0,626.0
L,L2Z000265,L2Z000991,1.0,162355,162355,100.0,0,0.0,0.0
L,L2Z000268,L2Z000976,1.0,162355,162355,100.0,0,0.0,0.0
L,L2Z000268,L2Z000991,0.995542196117413,162355,137215,84.5154137538111,25140,0.0,626.0
L,L2Z000277,L2Z000989,0.9884377098785329,162355,154616,95.23328508515291,7739,0.0,0.0
L,L2Z000277,L2Z001240,0.9832094075127085,162355,151375,93.23704228388408,10980,0.0,0.0
L,L2Z000277,L2Z001371,0.987956270744486,162355,156222,96.22247543962304,6133,0.0,0.0
L,L2Z000285,L2Z001131,0.9999434663998251,162355,162341,99.99137692094484,14,0.0,0.0
L,L2Z000369,L2Z001049,0.9858078722285378,162355,152041,93.64725447322226,10314,0.0,0.0
L,L2Z000970,L2Z000990,0.9881568284022723,162355,156856,96.61297773397801,5499,0.0,0.0
L,L2Z000975,L2Z001242,0.9872747498416031,162355,127803,78.71824089187275,34552,0.0,1079.0
L,L2Z000975,L2Z001293,0.9953022767108597,162355,162035,99.80290105016785,320,0.0,0.0
L,L2Z000976,L2Z000991,0.995542196117413,162355,137215,84.5154137538111,25140,0.0,626.0
L,L2Z000989,L2Z001240,0.9943102954444272,162355,158603,97.68901481321794,3752,0.0,0.0
L,L2Z000989,L2Z001371,0.9860359220099604,162355,153539,94.56992393212404,8816,0.0,0.0
L,L2Z001195,L2Z001199,0.998806063904921,162355,162232,99.92424009115827,123,0.0,0.0
L,L2Z001195,L2Z001203,0.9991318530490327,162355,162288,99.95873240737889,67,0.0,0.0
L,L2Z001199,L2Z001203,0.9979383516127893,162355,162214,99.9131532752302,141,0.0,0.0
L,L2Z001240,L2Z001371,0.9830731854538511,162355,151301,93.1914631517354,11054,0.0,0.0
L,L2Z001241,L2Z001266,0.9924703346151774,162355,158763,97.78756428813404,3592,0.0,0.0
L,L2Z001242,L2Z001293,0.991613348361833,162355,127971,78.82171784053463,34384,0.0,1065.0
L,L2Z001242,L2Z001294,0.9839364331824386,162355,128131,78.92026731545072,34224,0.0,404.0
L,L2Z001243,L2Z001248,0.9959173890818536,162355,138119,85.07221828708694,24236,0.0,570.0
L,L2Z001255,L2Z001376,0.9872307709170657,162355,123797,76.25080841366142,38558,0.0,1329.6000000000058
L,L2Z001291,L2Z001323,0.9976859130410307,162355,161806,99.6618521141942,549,0.0,0.0
L,L2Z001314,L2Z001463,0.9958167454673398,162355,161526,99.48939053309107,829,0.0,0.0
SV_FLAG,AL012G003_SV_FLAG_M9_0,AL012G004_SV_FLAG_M9_0,1.0,162355,162355,100.0,0,0.0,0.0
SV_FLAG,AL012G003_SV_FLAG_M9_0,AL012G005_SV_FLAG_M9_0,1.0,162355,162355,100.0,0,0.0,0.0
SV_FLAG,AL012G003_SV_FLAG_M9_0,AL012G009_SV_FLAG_M9_0,1.0,162355,162355,100.0,0,0.0,0.0
SV_FLAG,AL012G003_SV_FLAG_M9_0,AL012G010_SV_FLAG_M9_0,1.0,162355,162355,100.0,0,0.0,0.0
SV_FLAG,AL012G003_SV_FLAG_M9_0,AL012G011_SV_FLAG_M9_0,1.0,162355,162355,100.0,0,0.0,0.0
SV_FLAG,AL012G003_SV_FLAG_M9_0,AL012G013_SV_FLAG_M9_0,1.0,162355,162355,100.0,0,0.0,0.0
SV_FLAG,AL012G003_SV_FLAG_M9_0,AL012G014_SV_FLAG_M9_0,1.0,162355,162355,100.0,0,0.0,0.0
SV_FLAG,AL012G003_SV_FLAG_M9_0,AL012G015_SV_FLAG_M9_0,1.0,162355,162355,100.0,0,0.0,0.0
SV_FLAG,AL012G003_SV_FLAG_M9_0,AL012G017_SV_FLAG_M9_0,1.0,162355,162355,100.0,0,0.0,0.0
SV_FLAG,AL012G003_SV_FLAG_M9_0,AL012G018_SV_FLAG_M9_0,1.0,162355,162355,100.0,0,0.0,0.0
SV_FLAG,AL012G003_SV_FLAG_M9_0,AL012G019_SV_FLAG_M9_0,1.0,162355,162355,100.0,0,0.0,0.0
SV_FLAG,AL012G003_SV_FLAG_M9_0,AL018G001_SV_FLAG_M9_0,1.0,162355,162352,99.99815219734532,3,0.0,0.0
SV_FLAG,AL012G003_SV_FLAG_M9_0,AS1360004_SV_FLAG_M88888888_0,1.0,162355,162355,100.0,0,0.0,0.0
SV_FLAG,AL012G003_SV_FLAG_M9_0,AS1360006_SV_FLAG_M88888888_0,1.0,162355,162355,100.0,0,0.0,0.0
SV_FLAG,AL012G003_SV_FLAG_M9_0,U5DD01006_SV_FLAG_9999999_9,1.0,162355,162355,100.0,0,0.0,0.0
SV_FLAG,AL012G003_SV_FLAG_M9_0,U84010100_SV_FLAG_0_0,1.0,162355,162346,99.99445659203597,9,0.0,0.0
SV_FLAG,AL012G003_SV_FLAG_M9_0,U84010200_SV_FLAG_0_0,1.0,162355,162346,99.99445659203597,9,0.0,0.0
SV_FLAG,AL012G004_SV_FLAG_M9_0,AL012G005_SV_FLAG_M9_0,1.0,162355,162355,100.0,0,0.0,0.0
SV_FLAG,AL012G004_SV_FLAG_M9_0,AL012G009_SV_FLAG_M9_0,1.0,162355,162355,100.0,0,0.0,0.0
SV_FLAG,AL012G004_SV_FLAG_M9_0,AL012G010_SV_FLAG_M9_0,1.0,162355,162355,100.0,0,0.0,0.0
SV_FLAG,AL012G004_SV_FLAG_M9_0,AL012G011_SV_FLAG_M9_0,1.0,162355,162355,100.0,0,0.0,0.0
SV_FLAG,AL012G004_SV_FLAG_M9_0,AL012G013_SV_FLAG_M9_0,1.0,162355,162355,100.0,0,0.0,0.0
SV_FLAG,AL012G004_SV_FLAG_M9_0,AL012G014_SV_FLAG_M9_0,1.0,162355,162355,100.0,0,0.0,0.0
SV_FLAG,AL012G004_SV_FLAG_M9_0,AL012G015_SV_FLAG_M9_0,1.0,162355,162355,100.0,0,0.0,0.0
SV_FLAG,AL012G004_SV_FLAG_M9_0,AL012G017_SV_FLAG_M9_0,1.0,162355,162355,100.0,0,0.0,0.0
SV_FLAG,AL012G004_SV_FLAG_M9_0,AL012G018_SV_FLAG_M9_0,1.0,162355,162355,100.0,0,0.0,0.0
SV_FLAG,AL012G004_SV_FLAG_M9_0,AL012G019_SV_FLAG_M9_0,1.0,162355,162355,100.0,0,0.0,0.0
SV_FLAG,AL012G004_SV_FLAG_M9_0,AL018G001_SV_FLAG_M9_0,1.0,162355,162352,99.99815219734532,3,0.0,0.0
SV_FLAG,AL012G004_SV_FLAG_M9_0,AS1360004_SV_FLAG_M88888888_0,1.0,162355,162355,100.0,0,0.0,0.0
SV_FLAG,AL012G004_SV_FLAG_M9_0,AS1360006_SV_FLAG_M88888888_0,1.0,162355,162355,100.0,0,0.0,0.0
SV_FLAG,AL012G004_SV_FLAG_M9_0,U5DD01006_SV_FLAG_9999999_9,1.0,162355,162355,100.0,0,0.0,0.0
SV_FLAG,AL012G004_SV_FLAG_M9_0,U84010100_SV_FLAG_0_0,1.0,162355,162346,99.99445659203597,9,0.0,0.0
SV_FLAG,AL012G004_SV_FLAG_M9_0,U84010200_SV_FLAG_0_0,1.0,162355,162346,99.99445659203597,9,0.0,0.0
SV_FLAG,AL012G005_SV_FLAG_M9_0,AL012G009_SV_FLAG_M9_0,1.0,162355,162355,100.0,0,0.0,0.0
SV_FLAG,AL012G005_SV_FLAG_M9_0,AL012G010_SV_FLAG_M9_0,1.0,162355,162355,100.0,0,0.0,0.0
SV_FLAG,AL012G005_SV_FLAG_M9_0,AL012G011_SV_FLAG_M9_0,1.0,162355,162355,100.0,0,0.0,0.0
SV_FLAG,AL012G005_SV_FLAG_M9_0,AL012G013_SV_FLAG_M9_0,1.0,162355,162355,100.0,0,0.0,0.0
SV_FLAG,AL012G005_SV_FLAG_M9_0,AL012G014_SV_FLAG_M9_0,1.0,162355,162355,100.0,0,0.0,0.0
SV_FLAG,AL012G005_SV_FLAG_M9_0,AL012G015_SV_FLAG_M9_0,1.0,162355,162355,100.0,0,0.0,0.0
SV_FLAG,AL012G005_SV_FLAG_M9_0,AL012G017_SV_FLAG_M9_0,1.0,162355,162355,100.0,0,0.0,0.0
SV_FLAG,AL012G005_SV_FLAG_M9_0,AL012G018_SV_FLAG_M9_0,1.0,162355,162355,100.0,0,0.0,0.0
SV_FLAG,AL012G005_SV_FLAG_M9_0,AL012G019_SV_FLAG_M9_0,1.0,162355,162355,100.0,0,0.0,0.0
SV_FLAG,AL012G005_SV_FLAG_M9_0,AL018G001_SV_FLAG_M9_0,1.0,162355,162352,99.99815219734532,3,0.0,0.0
SV_FLAG,AL012G005_SV_FLAG_M9_0,AS1360004_SV_FLAG_M88888888_0,1.0,162355,162355,100.0,0,0.0,0.0
SV_FLAG,AL012G005_SV_FLAG_M9_0,AS1360006_SV_FLAG_M88888888_0,1.0,162355,162355,100.0,0,0.0,0.0
SV_FLAG,AL012G005_SV_FLAG_M9_0,U5DD01006_SV_FLAG_9999999_9,1.0,162355,162355,100.0,0,0.0,0.0
SV_FLAG,AL012G005_SV_FLAG_M9_0,U84010100_SV_FLAG_0_0,1.0,162355,162346,99.99445659203597,9,0.0,0.0
SV_FLAG,AL012G005_SV_FLAG_M9_0,U84010200_SV_FLAG_0_0,1.0,162355,162346,99.99445659203597,9,0.0,0.0
SV_FLAG,AL012G009_SV_FLAG_M9_0,AL012G010_SV_FLAG_M9_0,1.0,162355,162355,100.0,0,0.0,0.0
SV_FLAG,AL012G009_SV_FLAG_M9_0,AL012G011_SV_FLAG_M9_0,1.0,162355,162355,100.0,0,0.0,0.0
SV_FLAG,AL012G009_SV_FLAG_M9_0,AL012G013_SV_FLAG_M9_0,1.0,162355,162355,100.0,0,0.0,0.0
SV_FLAG,AL012G009_SV_FLAG_M9_0,AL012G014_SV_FLAG_M9_0,1.0,162355,162355,100.0,0,0.0,0.0
SV_FLAG,AL012G009_SV_FLAG_M9_0,AL012G015_SV_FLAG_M9_0,1.0,162355,162355,100.0,0,0.0,0.0
SV_FLAG,AL012G009_SV_FLAG_M9_0,AL012G017_SV_FLAG_M9_0,1.0,162355,162355,100.0,0,0.0,0.0
SV_FLAG,AL012G009_SV_FLAG_M9_0,AL012G018_SV_FLAG_M9_0,1.0,162355,162355,100.0,0,0.0,0.0
SV_FLAG,AL012G009_SV_FLAG_M9_0,AL012G019_SV_FLAG_M9_0,1.0,162355,162355,100.0,0,0.0,0.0
SV_FLAG,AL012G009_SV_FLAG_M9_0,AL018G001_SV_FLAG_M9_0,1.0,162355,162352,99.99815219734532,3,0.0,0.0
SV_FLAG,AL012G009_SV_FLAG_M9_0,AS1360004_SV_FLAG_M88888888_0,1.0,162355,162355,100.0,0,0.0,0.0
SV_FLAG,AL012G009_SV_FLAG_M9_0,AS1360006_SV_FLAG_M88888888_0,1.0,162355,162355,100.0,0,0.0,0.0
SV_FLAG,AL012G009_SV_FLAG_M9_0,U5DD01006_SV_FLAG_9999999_9,1.0,162355,162355,100.0,0,0.0,0.0
SV_FLAG,AL012G009_SV_FLAG_M9_0,U84010100_SV_FLAG_0_0,1.0,162355,162346,99.99445659203597,9,0.0,0.0
SV_FLAG,AL012G009_SV_FLAG_M9_0,U84010200_SV_FLAG_0_0,1.0,162355,162346,99.99445659203597,9,0.0,0.0
SV_FLAG,AL012G010_SV_FLAG_M9_0,AL012G011_SV_FLAG_M9_0,1.0,162355,162355,100.0,0,0.0,0.0
SV_FLAG,AL012G010_SV_FLAG_M9_0,AL012G013_SV_FLAG_M9_0,1.0,162355,162355,100.0,0,0.0,0.0
SV_FLAG,AL012G010_SV_FLAG_M9_0,AL012G014_SV_FLAG_M9_0,1.0,162355,162355,100.0,0,0.0,0.0
SV_FLAG,AL012G010_SV_FLAG_M9_0,AL012G015_SV_FLAG_M9_0,1.0,162355,162355,100.0,0,0.0,0.0
SV_FLAG,AL012G010_SV_FLAG_M9_0,AL012G017_SV_FLAG_M9_0,1.0,162355,162355,100.0,0,0.0,0.0
SV_FLAG,AL012G010_SV_FLAG_M9_0,AL012G018_SV_FLAG_M9_0,1.0,162355,162355,100.0,0,0.0,0.0
SV_FLAG,AL012G010_SV_FLAG_M9_0,AL012G019_SV_FLAG_M9_0,1.0,162355,162355,100.0,0,0.0,0.0
SV_FLAG,AL012G010_SV_FLAG_M9_0,AL018G001_SV_FLAG_M9_0,1.0,162355,162352,99.99815219734532,3,0.0,0.0
SV_FLAG,AL012G010_SV_FLAG_M9_0,AS1360004_SV_FLAG_M88888888_0,1.0,162355,162355,100.0,0,0.0,0.0
SV_FLAG,AL012G010_SV_FLAG_M9_0,AS1360006_SV_FLAG_M88888888_0,1.0,162355,162355,100.0,0,0.0,0.0
SV_FLAG,AL012G010_SV_FLAG_M9_0,U5DD01006_SV_FLAG_9999999_9,1.0,162355,162355,100.0,0,0.0,0.0
SV_FLAG,AL012G010_SV_FLAG_M9_0,U84010100_SV_FLAG_0_0,1.0,162355,162346,99.99445659203597,9,0.0,0.0
SV_FLAG,AL012G010_SV_FLAG_M9_0,U84010200_SV_FLAG_0_0,1.0,162355,162346,99.99445659203597,9,0.0,0.0
SV_FLAG,AL012G011_SV_FLAG_M9_0,AL012G013_SV_FLAG_M9_0,1.0,162355,162355,100.0,0,0.0,0.0
SV_FLAG,AL012G011_SV_FLAG_M9_0,AL012G014_SV_FLAG_M9_0,1.0,162355,162355,100.0,0,0.0,0.0
SV_FLAG,AL012G011_SV_FLAG_M9_0,AL012G015_SV_FLAG_M9_0,1.0,162355,162355,100.0,0,0.0,0.0
SV_FLAG,AL012G011_SV_FLAG_M9_0,AL012G017_SV_FLAG_M9_0,1.0,162355,162355,100.0,0,0.0,0.0
SV_FLAG,AL012G011_SV_FLAG_M9_0,AL012G018_SV_FLAG_M9_0,1.0,162355,162355,100.0,0,0.0,0.0
SV_FLAG,AL012G011_SV_FLAG_M9_0,AL012G019_SV_FLAG_M9_0,1.0,162355,162355,100.0,0,0.0,0.0
SV_FLAG,AL012G011_SV_FLAG_M9_0,AL018G001_SV_FLAG_M9_0,1.0,162355,162352,99.99815219734532,3,0.0,0.0
SV_FLAG,AL012G011_SV_FLAG_M9_0,AS1360004_SV_FLAG_M88888888_0,1.0,162355,162355,100.0,0,0.0,0.0
SV_FLAG,AL012G011_SV_FLAG_M9_0,AS1360006_SV_FLAG_M88888888_0,1.0,162355,162355,100.0,0,0.0,0.0
SV_FLAG,AL012G011_SV_FLAG_M9_0,U5DD01006_SV_FLAG_9999999_9,1.0,162355,162355,100.0,0,0.0,0.0
SV_FLAG,AL012G011_SV_FLAG_M9_0,U84010100_SV_FLAG_0_0,1.0,162355,162346,99.99445659203597,9,0.0,0.0
SV_FLAG,AL012G011_SV_FLAG_M9_0,U84010200_SV_FLAG_0_0,1.0,162355,162346,99.99445659203597,9,0.0,0.0
SV_FLAG,AL012G013_SV_FLAG_M9_0,AL012G014_SV_FLAG_M9_0,1.0,162355,162355,100.0,0,0.0,0.0
SV_FLAG,AL012G013_SV_FLAG_M9_0,AL012G015_SV_FLAG_M9_0,1.0,162355,162355,100.0,0,0.0,0.0
SV_FLAG,AL012G013_SV_FLAG_M9_0,AL012G017_SV_FLAG_M9_0,1.0,162355,162355,100.0,0,0.0,0.0
SV_FLAG,AL012G013_SV_FLAG_M9_0,AL012G018_SV_FLAG_M9_0,1.0,162355,162355,100.0,0,0.0,0.0
SV_FLAG,AL012G013_SV_FLAG_M9_0,AL012G019_SV_FLAG_M9_0,1.0,162355,162355,100.0,0,0.0,0.0
SV_FLAG,AL012G013_SV_FLAG_M9_0,AL018G001_SV_FLAG_M9_0,1.0,162355,162352,99.99815219734532,3,0.0,0.0
SV_FLAG,AL012G013_SV_FLAG_M9_0,AS1360004_SV_FLAG_M88888888_0,1.0,162355,162355,100.0,0,0.0,0.0
SV_FLAG,AL012G013_SV_FLAG_M9_0,AS1360006_SV_FLAG_M88888888_0,1.0,162355,162355,100.0,0,0.0,0.0
SV_FLAG,AL012G013_SV_FLAG_M9_0,U5DD01006_SV_FLAG_9999999_9,1.0,162355,162355,100.0,0,0.0,0.0
SV_FLAG,AL012G013_SV_FLAG_M9_0,U84010100_SV_FLAG_0_0,1.0,162355,162346,99.99445659203597,9,0.0,0.0
SV_FLAG,AL012G013_SV_FLAG_M9_0,U84010200_SV_FLAG_0_0,1.0,162355,162346,99.99445659203597,9,0.0,0.0
SV_FLAG,AL012G014_SV_FLAG_M9_0,AL012G015_SV_FLAG_M9_0,1.0,162355,162355,100.0,0,0.0,0.0
SV_FLAG,AL012G014_SV_FLAG_M9_0,AL012G017_SV_FLAG_M9_0,1.0,162355,162355,100.0,0,0.0,0.0
SV_FLAG,AL012G014_SV_FLAG_M9_0,AL012G018_SV_FLAG_M9_0,1.0,162355,162355,100.0,0,0.0,0.0
SV_FLAG,AL012G014_SV_FLAG_M9_0,AL012G019_SV_FLAG_M9_0,1.0,162355,162355,100.0,0,0.0,0.0
SV_FLAG,AL012G014_SV_FLAG_M9_0,AL018G001_SV_FLAG_M9_0,1.0,162355,162352,99.99815219734532,3,0.0,0.0
SV_FLAG,AL012G014_SV_FLAG_M9_0,AS1360004_SV_FLAG_M88888888_0,1.0,162355,162355,100.0,0,0.0,0.0
SV_FLAG,AL012G014_SV_FLAG_M9_0,AS1360006_SV_FLAG_M88888888_0,1.0,162355,162355,100.0,0,0.0,0.0
SV_FLAG,AL012G014_SV_FLAG_M9_0,U5DD01006_SV_FLAG_9999999_9,1.0,162355,162355,100.0,0,0.0,0.0
SV_FLAG,AL012G014_SV_FLAG_M9_0,U84010100_SV_FLAG_0_0,1.0,162355,162346,99.99445659203597,9,0.0,0.0
SV_FLAG,AL012G014_SV_FLAG_M9_0,U84010200_SV_FLAG_0_0,1.0,162355,162346,99.99445659203597,9,0.0,0.0
SV_FLAG,AL012G015_SV_FLAG_M9_0,AL012G017_SV_FLAG_M9_0,1.0,162355,162355,100.0,0,0.0,0.0
SV_FLAG,AL012G015_SV_FLAG_M9_0,AL012G018_SV_FLAG_M9_0,1.0,162355,162355,100.0,0,0.0,0.0
SV_FLAG,AL012G015_SV_FLAG_M9_0,AL012G019_SV_FLAG_M9_0,1.0,162355,162355,100.0,0,0.0,0.0
SV_FLAG,AL012G015_SV_FLAG_M9_0,AL018G001_SV_FLAG_M9_0,1.0,162355,162352,99.99815219734532,3,0.0,0.0
SV_FLAG,AL012G015_SV_FLAG_M9_0,AS1360004_SV_FLAG_M88888888_0,1.0,162355,162355,100.0,0,0.0,0.0
SV_FLAG,AL012G015_SV_FLAG_M9_0,AS1360006_SV_FLAG_M88888888_0,1.0,162355,162355,100.0,0,0.0,0.0
SV_FLAG,AL012G015_SV_FLAG_M9_0,U5DD01006_SV_FLAG_9999999_9,1.0,162355,162355,100.0,0,0.0,0.0
SV_FLAG,AL012G015_SV_FLAG_M9_0,U84010100_SV_FLAG_0_0,1.0,162355,162346,99.99445659203597,9,0.0,0.0
SV_FLAG,AL012G015_SV_FLAG_M9_0,U84010200_SV_FLAG_0_0,1.0,162355,162346,99.99445659203597,9,0.0,0.0
SV_FLAG,AL012G017_SV_FLAG_M9_0,AL012G018_SV_FLAG_M9_0,1.0,162355,162355,100.0,0,0.0,0.0
SV_FLAG,AL012G017_SV_FLAG_M9_0,AL012G019_SV_FLAG_M9_0,1.0,162355,162355,100.0,0,0.0,0.0
SV_FLAG,AL012G017_SV_FLAG_M9_0,AL018G001_SV_FLAG_M9_0,1.0,162355,162352,99.99815219734532,3,0.0,0.0
SV_FLAG,AL012G017_SV_FLAG_M9_0,AS1360004_SV_FLAG_M88888888_0,1.0,162355,162355,100.0,0,0.0,0.0
SV_FLAG,AL012G017_SV_FLAG_M9_0,AS1360006_SV_FLAG_M88888888_0,1.0,162355,162355,100.0,0,0.0,0.0
SV_FLAG,AL012G017_SV_FLAG_M9_0,U5DD01006_SV_FLAG_9999999_9,1.0,162355,162355,100.0,0,0.0,0.0
SV_FLAG,AL012G017_SV_FLAG_M9_0,U84010100_SV_FLAG_0_0,1.0,162355,162346,99.99445659203597,9,0.0,0.0
SV_FLAG,AL012G017_SV_FLAG_M9_0,U84010200_SV_FLAG_0_0,1.0,162355,162346,99.99445659203597,9,0.0,0.0
SV_FLAG,AL012G018_SV_FLAG_M9_0,AL012G019_SV_FLAG_M9_0,1.0,162355,162355,100.0,0,0.0,0.0
SV_FLAG,AL012G018_SV_FLAG_M9_0,AL018G001_SV_FLAG_M9_0,1.0,162355,162352,99.99815219734532,3,0.0,0.0
SV_FLAG,AL012G018_SV_FLAG_M9_0,AS1360004_SV_FLAG_M88888888_0,1.0,162355,162355,100.0,0,0.0,0.0
SV_FLAG,AL012G018_SV_FLAG_M9_0,AS1360006_SV_FLAG_M88888888_0,1.0,162355,162355,100.0,0,0.0,0.0
SV_FLAG,AL012G018_SV_FLAG_M9_0,U5DD01006_SV_FLAG_9999999_9,1.0,162355,162355,100.0,0,0.0,0.0
SV_FLAG,AL012G018_SV_FLAG_M9_0,U84010100_SV_FLAG_0_0,1.0,162355,162346,99.99445659203597,9,0.0,0.0
SV_FLAG,AL012G018_SV_FLAG_M9_0,U84010200_SV_FLAG_0_0,1.0,162355,162346,99.99445659203597,9,0.0,0.0
SV_FLAG,AL012G019_SV_FLAG_M9_0,AL018G001_SV_FLAG_M9_0,1.0,162355,162352,99.99815219734532,3,0.0,0.0
SV_FLAG,AL012G019_SV_FLAG_M9_0,AS1360004_SV_FLAG_M88888888_0,1.0,162355,162355,100.0,0,0.0,0.0
SV_FLAG,AL012G019_SV_FLAG_M9_0,AS1360006_SV_FLAG_M88888888_0,1.0,162355,162355,100.0,0,0.0,0.0
SV_FLAG,AL012G019_SV_FLAG_M9_0,U5DD01006_SV_FLAG_9999999_9,1.0,162355,162355,100.0,0,0.0,0.0
SV_FLAG,AL012G019_SV_FLAG_M9_0,U84010100_SV_FLAG_0_0,1.0,162355,162346,99.99445659203597,9,0.0,0.0
SV_FLAG,AL012G019_SV_FLAG_M9_0,U84010200_SV_FLAG_0_0,1.0,162355,162346,99.99445659203597,9,0.0,0.0
SV_FLAG,AL018G001_SV_FLAG_M9_0,AS1360004_SV_FLAG_M88888888_0,1.0,162355,162352,99.99815219734532,3,0.0,0.0
SV_FLAG,AL018G001_SV_FLAG_M9_0,AS1360006_SV_FLAG_M88888888_0,1.0,162355,162352,99.99815219734532,3,0.0,0.0
SV_FLAG,AL018G001_SV_FLAG_M9_0,U5DD01006_SV_FLAG_9999999_9,1.0,162355,162352,99.99815219734532,3,0.0,0.0
SV_FLAG,AL018G001_SV_FLAG_M9_0,U84010100_SV_FLAG_0_0,1.0,162355,162349,99.99630439469065,6,0.0,0.0
SV_FLAG,AL018G001_SV_FLAG_M9_0,U84010200_SV_FLAG_0_0,1.0,162355,162349,99.99630439469065,6,0.0,0.0
SV_FLAG,AS1340126_SV_FLAG_M99999999_0,AS1350127_SV_FLAG_M99999999_0,1.0,162355,162355,100.0,0,0.0,0.0
SV_FLAG,AS1340126_SV_FLAG_M99999999_0,AS1C0G158_SV_FLAG_0_0,0.9876805325335422,162355,161541,99.49862954636444,814,0.0,0.0
SV_FLAG,AS1340126_SV_FLAG_M99999999_0,AS3C30110_SV_FLAG_M99999999_0,1.0,162355,162355,100.0,0,0.0,0.0
SV_FLAG,AS1350127_SV_FLAG_M99999999_0,AS1C0G158_SV_FLAG_0_0,0.9876805325335422,162355,161541,99.49862954636444,814,0.0,0.0
SV_FLAG,AS1350127_SV_FLAG_M99999999_0,AS3C30110_SV_FLAG_M99999999_0,1.0,162355,162355,100.0,0,0.0,0.0
SV_FLAG,AS1360004_SV_FLAG_M88888888_0,AS1360006_SV_FLAG_M88888888_0,1.0,162355,162355,100.0,0,0.0,0.0
SV_FLAG,AS1360004_SV_FLAG_M88888888_0,U5DD01006_SV_FLAG_9999999_9,1.0,162355,162355,100.0,0,0.0,0.0
SV_FLAG,AS1360004_SV_FLAG_M88888888_0,U84010100_SV_FLAG_0_0,1.0,162355,162346,99.99445659203597,9,0.0,0.0
SV_FLAG,AS1360004_SV_FLAG_M88888888_0,U84010200_SV_FLAG_0_0,1.0,162355,162346,99.99445659203597,9,0.0,0.0
SV_FLAG,AS1360006_SV_FLAG_M88888888_0,U5DD01006_SV_FLAG_9999999_9,1.0,162355,162355,100.0,0,0.0,0.0
SV_FLAG,AS1360006_SV_FLAG_M88888888_0,U84010100_SV_FLAG_0_0,1.0,162355,162346,99.99445659203597,9,0.0,0.0
SV_FLAG,AS1360006_SV_FLAG_M88888888_0,U84010200_SV_FLAG_0_0,1.0,162355,162346,99.99445659203597,9,0.0,0.0
SV_FLAG,AS1C0G158_SV_FLAG_0_0,AS1C30116_SV_FLAG_M99999999_0,0.9802770477059868,162355,160938,99.12722121277447,1417,0.0,0.0
SV_FLAG,AS1C0G158_SV_FLAG_0_0,AS3C30110_SV_FLAG_M99999999_0,0.9876805325335422,162355,161541,99.49862954636444,814,0.0,0.0
SV_FLAG,AS1C30102_SV_FLAG_M99999999_0,AS1C40101_SV_FLAG_M99999999_0,1.0,162355,162355,100.0,0,0.0,0.0
SV_FLAG,AS1C30102_SV_FLAG_M99999999_0,AS1C50101_SV_FLAG_M99999999_0,1.0,162355,162355,100.0,0,0.0,0.0
SV_FLAG,AS1C40101_SV_FLAG_M99999999_0,AS1C50101_SV_FLAG_M99999999_0,1.0,162355,162355,100.0,0,0.0,0.0
SV_FLAG,C1L120066_SV_FLAG_8888888_8,C1L120123_SV_FLAG_8888888_8,1.0,162355,162355,100.0,0,0.0,0.0
SV_FLAG,C1L120238_SV_FLAG_8888888_8,C1L120250_SV_FLAG_8888888_8,1.0,162355,162355,100.0,0,0.0,0.0
SV_FLAG,C1L120238_SV_FLAG_8888888_8,C1L120255_SV_FLAG_8888888_8,1.0,162355,162355,100.0,0,0.0,0.0
SV_FLAG,C1L120238_SV_FLAG_8888888_8,C1L120256_SV_FLAG_8888888_8,1.0,162355,162355,100.0,0,0.0,0.0
SV_FLAG,C1L120238_SV_FLAG_8888888_8,C1L120292_SV_FLAG_8888888_8,1.0,162355,162355,100.0,0,0.0,0.0
SV_FLAG,C1L120238_SV_FLAG_8888888_8,C1L120301_SV_FLAG_8888888_8,1.0,162355,162355,100.0,0,0.0,0.0
SV_FLAG,C1L120238_SV_FLAG_8888888_8,C1L120331_SV_FLAG_8888888_8,1.0,162355,162355,100.0,0,0.0,0.0
SV_FLAG,C1L120238_SV_FLAG_8888888_8,C1L120333_SV_FLAG_8888888_8,1.0,162355,162355,100.0,0,0.0,0.0
SV_FLAG,C1L120238_SV_FLAG_8888888_8,C1L120347_SV_FLAG_8888888_8,1.0,162355,162355,100.0,0,0.0,0.0
SV_FLAG,C1L120238_SV_FLAG_8888888_8,C1L120354_SV_FLAG_8888888_8,1.0,162355,162355,100.0,0,0.0,0.0
SV_FLAG,C1L120238_SV_FLAG_8888888_8,C1L120357_SV_FLAG_8888888_8,1.0,162355,162355,100.0,0,0.0,0.0
SV_FLAG,C1L120238_SV_FLAG_8888888_8,C1P000005_SV_FLAG_8888888_8,1.0,162355,162355,100.0,0,0.0,0.0
SV_FLAG,C1L120250_SV_FLAG_8888888_8,C1L120255_SV_FLAG_8888888_8,1.0,162355,162355,100.0,0,0.0,0.0
SV_FLAG,C1L120250_SV_FLAG_8888888_8,C1L120256_SV_FLAG_8888888_8,1.0,162355,162355,100.0,0,0.0,0.0
SV_FLAG,C1L120250_SV_FLAG_8888888_8,C1L120292_SV_FLAG_8888888_8,1.0,162355,162355,100.0,0,0.0,0.0
SV_FLAG,C1L120250_SV_FLAG_8888888_8,C1L120301_SV_FLAG_8888888_8,1.0,162355,162355,100.0,0,0.0,0.0
SV_FLAG,C1L120250_SV_FLAG_8888888_8,C1L120331_SV_FLAG_8888888_8,1.0,162355,162355,100.0,0,0.0,0.0
SV_FLAG,C1L120250_SV_FLAG_8888888_8,C1L120333_SV_FLAG_8888888_8,1.0,162355,162355,100.0,0,0.0,0.0
SV_FLAG,C1L120250_SV_FLAG_8888888_8,C1L120347_SV_FLAG_8888888_8,1.0,162355,162355,100.0,0,0.0,0.0
SV_FLAG,C1L120250_SV_FLAG_8888888_8,C1L120354_SV_FLAG_8888888_8,1.0,162355,162355,100.0,0,0.0,0.0
SV_FLAG,C1L120250_SV_FLAG_8888888_8,C1L120357_SV_FLAG_8888888_8,1.0,162355,162355,100.0,0,0.0,0.0
SV_FLAG,C1L120250_SV_FLAG_8888888_8,C1P000005_SV_FLAG_8888888_8,1.0,162355,162355,100.0,0,0.0,0.0
SV_FLAG,C1L120255_SV_FLAG_8888888_8,C1L120256_SV_FLAG_8888888_8,1.0,162355,162355,100.0,0,0.0,0.0
SV_FLAG,C1L120255_SV_FLAG_8888888_8,C1L120292_SV_FLAG_8888888_8,1.0,162355,162355,100.0,0,0.0,0.0
SV_FLAG,C1L120255_SV_FLAG_8888888_8,C1L120301_SV_FLAG_8888888_8,1.0,162355,162355,100.0,0,0.0,0.0
SV_FLAG,C1L120255_SV_FLAG_8888888_8,C1L120331_SV_FLAG_8888888_8,1.0,162355,162355,100.0,0,0.0,0.0
SV_FLAG,C1L120255_SV_FLAG_8888888_8,C1L120333_SV_FLAG_8888888_8,1.0,162355,162355,100.0,0,0.0,0.0
SV_FLAG,C1L120255_SV_FLAG_8888888_8,C1L120347_SV_FLAG_8888888_8,1.0,162355,162355,100.0,0,0.0,0.0
SV_FLAG,C1L120255_SV_FLAG_8888888_8,C1L120354_SV_FLAG_8888888_8,1.0,162355,162355,100.0,0,0.0,0.0
SV_FLAG,C1L120255_SV_FLAG_8888888_8,C1L120357_SV_FLAG_8888888_8,1.0,162355,162355,100.0,0,0.0,0.0
SV_FLAG,C1L120255_SV_FLAG_8888888_8,C1P000005_SV_FLAG_8888888_8,1.0,162355,162355,100.0,0,0.0,0.0
SV_FLAG,C1L120256_SV_FLAG_8888888_8,C1L120292_SV_FLAG_8888888_8,1.0,162355,162355,100.0,0,0.0,0.0
SV_FLAG,C1L120256_SV_FLAG_8888888_8,C1L120301_SV_FLAG_8888888_8,1.0,162355,162355,100.0,0,0.0,0.0
SV_FLAG,C1L120256_SV_FLAG_8888888_8,C1L120331_SV_FLAG_8888888_8,1.0,162355,162355,100.0,0,0.0,0.0
SV_FLAG,C1L120256_SV_FLAG_8888888_8,C1L120333_SV_FLAG_8888888_8,1.0,162355,162355,100.0,0,0.0,0.0
SV_FLAG,C1L120256_SV_FLAG_8888888_8,C1L120347_SV_FLAG_8888888_8,1.0,162355,162355,100.0,0,0.0,0.0
SV_FLAG,C1L120256_SV_FLAG_8888888_8,C1L120354_SV_FLAG_8888888_8,1.0,162355,162355,100.0,0,0.0,0.0
SV_FLAG,C1L120256_SV_FLAG_8888888_8,C1L120357_SV_FLAG_8888888_8,1.0,162355,162355,100.0,0,0.0,0.0
SV_FLAG,C1L120256_SV_FLAG_8888888_8,C1P000005_SV_FLAG_8888888_8,1.0,162355,162355,100.0,0,0.0,0.0
SV_FLAG,C1L120256_SV_FLAG_9999999_9,C1L120357_SV_FLAG_9999999_9,1.0,162355,162355,100.0,0,0.0,0.0
SV_FLAG,C1L120292_SV_FLAG_8888888_8,C1L120301_SV_FLAG_8888888_8,1.0,162355,162355,100.0,0,0.0,0.0
SV_FLAG,C1L120292_SV_FLAG_8888888_8,C1L120331_SV_FLAG_8888888_8,1.0,162355,162355,100.0,0,0.0,0.0
SV_FLAG,C1L120292_SV_FLAG_8888888_8,C1L120333_SV_FLAG_8888888_8,1.0,162355,162355,100.0,0,0.0,0.0
SV_FLAG,C1L120292_SV_FLAG_8888888_8,C1L120347_SV_FLAG_8888888_8,1.0,162355,162355,100.0,0,0.0,0.0
SV_FLAG,C1L120292_SV_FLAG_8888888_8,C1L120354_SV_FLAG_8888888_8,1.0,162355,162355,100.0,0,0.0,0.0
SV_FLAG,C1L120292_SV_FLAG_8888888_8,C1L120357_SV_FLAG_8888888_8,1.0,162355,162355,100.0,0,0.0,0.0
SV_FLAG,C1L120292_SV_FLAG_8888888_8,C1P000005_SV_FLAG_8888888_8,1.0,162355,162355,100.0,0,0.0,0.0
SV_FLAG,C1L120301_SV_FLAG_8888888_8,C1L120331_SV_FLAG_8888888_8,1.0,162355,162355,100.0,0,0.0,0.0
SV_FLAG,C1L120301_SV_FLAG_8888888_8,C1L120333_SV_FLAG_8888888_8,1.0,162355,162355,100.0,0,0.0,0.0
SV_FLAG,C1L120301_SV_FLAG_8888888_8,C1L120347_SV_FLAG_8888888_8,1.0,162355,162355,100.0,0,0.0,0.0
SV_FLAG,C1L120301_SV_FLAG_8888888_8,C1L120354_SV_FLAG_8888888_8,1.0,162355,162355,100.0,0,0.0,0.0
SV_FLAG,C1L120301_SV_FLAG_8888888_8,C1L120357_SV_FLAG_8888888_8,1.0,162355,162355,100.0,0,0.0,0.0
SV_FLAG,C1L120301_SV_FLAG_8888888_8,C1P000005_SV_FLAG_8888888_8,1.0,162355,162355,100.0,0,0.0,0.0
SV_FLAG,C1L120331_SV_FLAG_8888888_8,C1L120333_SV_FLAG_8888888_8,1.0,162355,162355,100.0,0,0.0,0.0
SV_FLAG,C1L120331_SV_FLAG_8888888_8,C1L120347_SV_FLAG_8888888_8,1.0,162355,162355,100.0,0,0.0,0.0
SV_FLAG,C1L120331_SV_FLAG_8888888_8,C1L120354_SV_FLAG_8888888_8,1.0,162355,162355,100.0,0,0.0,0.0
SV_FLAG,C1L120331_SV_FLAG_8888888_8,C1L120357_SV_FLAG_8888888_8,1.0,162355,162355,100.0,0,0.0,0.0
SV_FLAG,C1L120331_SV_FLAG_8888888_8,C1P000005_SV_FLAG_8888888_8,1.0,162355,162355,100.0,0,0.0,0.0
SV_FLAG,C1L120333_SV_FLAG_8888888_8,C1L120347_SV_FLAG_8888888_8,1.0,162355,162355,100.0,0,0.0,0.0
SV_FLAG,C1L120333_SV_FLAG_8888888_8,C1L120354_SV_FLAG_8888888_8,1.0,162355,162355,100.0,0,0.0,0.0
SV_FLAG,C1L120333_SV_FLAG_8888888_8,C1L120357_SV_FLAG_8888888_8,1.0,162355,162355,100.0,0,0.0,0.0
SV_FLAG,C1L120333_SV_FLAG_8888888_8,C1P000005_SV_FLAG_8888888_8,1.0,162355,162355,100.0,0,0.0,0.0
SV_FLAG,C1L120347_SV_FLAG_8888888_8,C1L120354_SV_FLAG_8888888_8,1.0,162355,162355,100.0,0,0.0,0.0
SV_FLAG,C1L120347_SV_FLAG_8888888_8,C1L120357_SV_FLAG_8888888_8,1.0,162355,162355,100.0,0,0.0,0.0
SV_FLAG,C1L120347_SV_FLAG_8888888_8,C1P000005_SV_FLAG_8888888_8,1.0,162355,162355,100.0,0,0.0,0.0
SV_FLAG,C1L120354_SV_FLAG_8888888_8,C1L120357_SV_FLAG_8888888_8,1.0,162355,162355,100.0,0,0.0,0.0
SV_FLAG,C1L120354_SV_FLAG_8888888_8,C1P000005_SV_FLAG_8888888_8,1.0,162355,162355,100.0,0,0.0,0.0
SV_FLAG,C1L120357_SV_FLAG_8888888_8,C1P000005_SV_FLAG_8888888_8,1.0,162355,162355,100.0,0,0.0,0.0
SV_FLAG,D2Z000071_SV_FLAG_999999999_0,D2Z000072_SV_FLAG_999999999_0,1.0,162355,162355,100.0,0,0.0,0.0
SV_FLAG,D2Z000071_SV_FLAG_999999999_0,D2Z000078_SV_FLAG_999999999_0,1.0,162355,162352,99.99815219734532,3,0.0,0.0
SV_FLAG,D2Z000072_SV_FLAG_999999999_0,D2Z000078_SV_FLAG_999999999_0,1.0,162355,162352,99.99815219734532,3,0.0,0.0
SV_FLAG,U5DD01006_SV_FLAG_9999999_9,U84010100_SV_FLAG_0_0,1.0,162355,162346,99.99445659203597,9,0.0,0.0
SV_FLAG,U5DD01006_SV_FLAG_9999999_9,U84010200_SV_FLAG_0_0,1.0,162355,162346,99.99445659203597,9,0.0,0.0
SV_FLAG,U84010100_SV_FLAG_0_0,U84010200_SV_FLAG_0_0,1.0,162355,162355,100.0,0,0.0,0.0
TS_,TS_RECENT_CPS001,TS_MOMENTUM_CPS001,0.998113182877632,162355,136046,83.79538665270549,26309,0.0,1.3333333134651184
TS_,TS_RECENT_CPS002,TS_MOMENTUM_CPS002,0.9884545835727158,162355,129312,79.64768562717501,33043,0.0,1068.5445884227756
TS_,TS_RECENT_CPS003,TS_MOMENTUM_CPS003,0.9948781204179802,162355,128243,78.98925194789197,34112,0.0,0.5
TS_,TS_RECENT_CPS005,TS_MOMENTUM_CPS005,0.9833653327412283,162355,103721,63.88531304856642,58634,0.0,1.199999988079071
TS_,TS_MOMENTUM_CPS009,TS_MOMENTUM_CPS013,0.9872927284573952,132515,67283,41.44190200486588,95072,0.0,0.7318142414093033
TS_,TS_RECENT_APS002,TS_MOMENTUM_APS002,0.9969868951412197,162355,113649,70.00030796710911,48706,0.0,0.5
U,U84010100,U84010300,-0.9978187131520232,162322,0,0.0,162355,18831.5,51751.79999999999
U,U84010200,U84010400,-0.9973803935989342,162322,0,0.0,162355,16397.0,46854.0
V,V10210000,V10232000,0.9992053453268166,162355,150024,92.40491515506145,12331,0.0,0.0
