flag,base,suffix_code_candidate,source_exists,flag_constant,flag_0_n,flag_1_n,flag_other_or_missing_n,base_missing_n,flag_1_base_missing_n,flag_1_base_observed_n,flag_0_base_missing_n,flag_0_base_observed_n,flag_other_base_missing_n,base_missing_if_flag_1_pct,flag_0_if_base_missing_pct
AL012G003_SV_FLAG_M9_0,AL012G003,M9_0,True,False,162331,24,0,24,24,0,0,162331,0,100.0,0.0
AL012G004_SV_FLAG_M9_0,AL012G004,M9_0,True,False,162331,24,0,24,24,0,0,162331,0,100.0,0.0
AL012G005_SV_FLAG_M9_0,AL012G005,M9_0,True,False,162331,24,0,24,24,0,0,162331,0,100.0,0.0
AL012G009_SV_FLAG_M9_0,AL012G009,M9_0,True,False,162331,24,0,24,24,0,0,162331,0,100.0,0.0
AL012G010_SV_FLAG_M9_0,AL012G010,M9_0,True,False,162331,24,0,24,24,0,0,162331,0,100.0,0.0
AL012G011_SV_FLAG_M9_0,AL012G011,M9_0,True,False,162331,24,0,24,24,0,0,162331,0,100.0,0.0
AL012G013_SV_FLAG_M9_0,AL012G013,M9_0,True,False,162331,24,0,24,24,0,0,162331,0,100.0,0.0
AL012G014_SV_FLAG_M9_0,AL012G014,M9_0,True,False,162331,24,0,24,24,0,0,162331,0,100.0,0.0
AL012G015_SV_FLAG_M9_0,AL012G015,M9_0,True,False,162331,24,0,24,24,0,0,162331,0,100.0,0.0
AL012G017_SV_FLAG_M9_0,AL012G017,M9_0,True,False,162331,24,0,24,24,0,0,162331,0,100.0,0.0
AL012G018_SV_FLAG_M9_0,AL012G018,M9_0,True,False,162331,24,0,24,24,0,0,162331,0,100.0,0.0
AL012G019_SV_FLAG_M9_0,AL012G019,M9_0,True,False,162331,24,0,24,24,0,0,162331,0,100.0,0.0
AL018G001_SV_FLAG_M9_0,AL018G001,M9_0,True,False,162328,27,0,27,27,0,0,162328,0,100.0,0.0
AL018G002_SV_FLAG_M9_0,AL018G002,M9_0,True,False,161378,977,0,977,977,0,0,161378,0,100.0,0.0
AS1300133_SV_FLAG_M99999999_0,AS1300133,M99999999_0,True,False,30432,131923,0,131923,131923,0,0,30432,0,100.0,0.0
AS1340126_SV_FLAG_M99999999_0,AS1340126,M99999999_0,True,False,50059,112296,0,112296,112296,0,0,50059,0,100.0,0.0
AS1350127_SV_FLAG_M99999999_0,AS1350127,M99999999_0,True,False,50059,112296,0,112296,112296,0,0,50059,0,100.0,0.0
AS1360004_SV_FLAG_M88888888_0,AS1360004,M88888888_0,True,False,162331,24,0,108998,24,0,108974,53357,0,100.0,99.97798124736234
AS1360004_SV_FLAG_M99999999_0,AS1360004,M99999999_0,True,False,53381,108974,0,108998,108974,0,24,53357,0,100.0,0.022018752637663074
AS1360006_SV_FLAG_M88888888_0,AS1360006,M88888888_0,True,False,162331,24,0,104280,24,0,104256,58075,0,100.0,99.97698504027618
AS1360006_SV_FLAG_M99999999_0,AS1360006,M99999999_0,True,False,58099,104256,0,104280,104256,0,24,58075,0,100.0,0.02301495972382048
AS1C0G158_SV_FLAG_0_0,AS1C0G158,0_0,True,False,49641,112714,0,112714,112714,0,0,49641,0,100.0,0.0
AS1C30102_SV_FLAG_M99999999_0,AS1C30102,M99999999_0,True,False,22530,139825,0,139825,139825,0,0,22530,0,100.0,0.0
AS1C30103_SV_FLAG_M99999999_0,AS1C30103,M99999999_0,True,False,700,161655,0,161655,161655,0,0,700,0,100.0,0.0
AS1C30104_SV_FLAG_M99999999_0,AS1C30104,M99999999_0,True,False,2876,159479,0,159479,159479,0,0,2876,0,100.0,0.0
AS1C30116_SV_FLAG_M99999999_0,AS1C30116,M99999999_0,True,False,48224,114131,0,114131,114131,0,0,48224,0,100.0,0.0
AS1C40101_SV_FLAG_M99999999_0,AS1C40101,M99999999_0,True,False,22530,139825,0,139825,139825,0,0,22530,0,100.0,0.0
AS1C50101_SV_FLAG_M99999999_0,AS1C50101,M99999999_0,True,False,22530,139825,0,139825,139825,0,0,22530,0,100.0,0.0
AS3C30110_SV_FLAG_M99999999_0,AS3C30110,M99999999_0,True,False,50059,112296,0,112296,112296,0,0,50059,0,100.0,0.0
ASCD30135_SV_FLAG_M99999999_0,ASCD30135,M99999999_0,True,False,2677,159678,0,159678,159678,0,0,2677,0,100.0,0.0
ASCD30137_SV_FLAG_M99999999_0,ASCD30137,M99999999_0,True,False,9951,152404,0,152404,152404,0,0,9951,0,100.0,0.0
C1L120066_SV_FLAG_8888888_8,C1L120066,8888888_8,True,False,95624,66731,0,66731,66731,0,0,95624,0,100.0,0.0
C1L120066_SV_FLAG_9999999_9,C1L120066,9999999_9,True,True,162355,0,0,66731,0,0,66731,95624,0,,100.0
C1L120123_SV_FLAG_8888888_8,C1L120123,8888888_8,True,False,95624,66731,0,66748,66731,0,17,95607,0,100.0,0.0254689279079523
C1L120123_SV_FLAG_9999999_9,C1L120123,9999999_9,True,False,162338,17,0,66748,17,0,66731,95607,0,100.0,99.97453107209205
C1L120238_SV_FLAG_8888888_8,C1L120238,8888888_8,True,False,133763,28592,0,28595,28592,0,3,133760,0,100.0,0.010491344640671446
C1L120238_SV_FLAG_9999999_9,C1L120238,9999999_9,True,False,162352,3,0,28595,3,0,28592,133760,0,100.0,99.98950865535933
C1L120250_SV_FLAG_9999999_9,C1L120250,9999999_9,True,False,162033,322,0,28914,322,0,28592,133441,0,100.0,98.88635263194301
C1L120250_SV_FLAG_8888888_8,C1L120250,8888888_8,True,False,133763,28592,0,28914,28592,0,322,133441,0,100.0,1.1136473680569965
C1L120255_SV_FLAG_8888888_8,C1L120255,8888888_8,True,False,133763,28592,0,28891,28592,0,299,133464,0,100.0,1.0349243709113565
C1L120255_SV_FLAG_9999999_9,C1L120255,9999999_9,True,False,162056,299,0,28891,299,0,28592,133464,0,100.0,98.96507562908864
C1L120256_SV_FLAG_8888888_8,C1L120256,8888888_8,True,False,133763,28592,0,28852,28592,0,260,133503,0,100.0,0.9011507001247747
C1L120256_SV_FLAG_9999999_9,C1L120256,9999999_9,True,False,162095,260,0,28852,260,0,28592,133503,0,100.0,99.09884929987523
C1L120292_SV_FLAG_8888888_8,C1L120292,8888888_8,True,False,133763,28592,0,28595,28592,0,3,133760,0,100.0,0.010491344640671446
C1L120292_SV_FLAG_9999999_9,C1L120292,9999999_9,True,False,162352,3,0,28595,3,0,28592,133760,0,100.0,99.98950865535933
C1L120301_SV_FLAG_8888888_8,C1L120301,8888888_8,True,False,133763,28592,0,28595,28592,0,3,133760,0,100.0,0.010491344640671446
C1L120301_SV_FLAG_9999999_9,C1L120301,9999999_9,True,False,162352,3,0,28595,3,0,28592,133760,0,100.0,99.98950865535933
C1L120331_SV_FLAG_8888888_8,C1L120331,8888888_8,True,False,133763,28592,0,28595,28592,0,3,133760,0,100.0,0.010491344640671446
C1L120331_SV_FLAG_9999999_9,C1L120331,9999999_9,True,False,162352,3,0,28595,3,0,28592,133760,0,100.0,99.98950865535933
C1L120333_SV_FLAG_8888888_8,C1L120333,8888888_8,True,False,133763,28592,0,28595,28592,0,3,133760,0,100.0,0.010491344640671446
C1L120333_SV_FLAG_9999999_9,C1L120333,9999999_9,True,False,162352,3,0,28595,3,0,28592,133760,0,100.0,99.98950865535933
C1L120347_SV_FLAG_8888888_8,C1L120347,8888888_8,True,False,133763,28592,0,28595,28592,0,3,133760,0,100.0,0.010491344640671446
C1L120347_SV_FLAG_9999999_9,C1L120347,9999999_9,True,False,162352,3,0,28595,3,0,28592,133760,0,100.0,99.98950865535933
C1L120354_SV_FLAG_8888888_8,C1L120354,8888888_8,True,False,133763,28592,0,28630,28592,0,38,133725,0,100.0,0.13272790778903248
C1L120354_SV_FLAG_9999999_9,C1L120354,9999999_9,True,False,162317,38,0,28630,38,0,28592,133725,0,100.0,99.86727209221097
C1L120357_SV_FLAG_8888888_8,C1L120357,8888888_8,True,False,133763,28592,0,28852,28592,0,260,133503,0,100.0,0.9011507001247747
C1L120357_SV_FLAG_9999999_9,C1L120357,9999999_9,True,False,162095,260,0,28852,260,0,28592,133503,0,100.0,99.09884929987523
C1P000005_SV_FLAG_8888888_8,C1P000005,8888888_8,True,False,133763,28592,0,28593,28592,0,1,133762,0,100.0,0.003497359493582345
C1P000005_SV_FLAG_9999999_9,C1P000005,9999999_9,True,False,162354,1,0,28593,1,0,28592,133762,0,100.0,99.9965026405064
C1Z001340_SV_FLAG_9999999_9,C1Z001340,9999999_9,True,False,161930,425,0,425,425,0,0,161930,0,100.0,0.0
C1Z001340_SV_FLAG_8888888_8,C1Z001340,8888888_8,True,True,162355,0,0,425,0,0,425,161930,0,,100.0
C1Z001358_SV_FLAG_9999999_9,C1Z001358,9999999_9,True,False,161956,399,0,399,399,0,0,161956,0,100.0,0.0
C1Z001358_SV_FLAG_8888888_8,C1Z001358,8888888_8,True,True,162355,0,0,399,0,0,399,161956,0,,100.0
C1Z001380_SV_FLAG_9999999_9,C1Z001380,9999999_9,True,False,162277,78,0,78,78,0,0,162277,0,100.0,0.0
C1Z001380_SV_FLAG_8888888_8,C1Z001380,8888888_8,True,True,162355,0,0,78,0,0,78,162277,0,,100.0
C1Z001396_SV_FLAG_9999999_9,C1Z001396,9999999_9,True,False,162322,33,0,33,33,0,0,162322,0,100.0,0.0
C1Z001396_SV_FLAG_8888888_8,C1Z001396,8888888_8,True,True,162355,0,0,33,0,0,33,162322,0,,100.0
C1Z001405_SV_FLAG_9999999_9,C1Z001405,9999999_9,True,False,162350,5,0,25037,5,0,25032,137318,0,100.0,99.98002955625674
C1Z001405_SV_FLAG_8888888_8,C1Z001405,8888888_8,True,False,137323,25032,0,25037,25032,0,5,137318,0,100.0,0.019970443743259975
C1Z001426_SV_FLAG_9999999_9,C1Z001426,9999999_9,True,False,161991,364,0,364,364,0,0,161991,0,100.0,0.0
C1Z001426_SV_FLAG_8888888_8,C1Z001426,8888888_8,True,True,162355,0,0,364,0,0,364,161991,0,,100.0
C1Z001474_SV_FLAG_9999999_9,C1Z001474,9999999_9,True,False,162112,243,0,243,243,0,0,162112,0,100.0,0.0
C1Z001474_SV_FLAG_8888888_8,C1Z001474,8888888_8,True,True,162355,0,0,243,0,0,243,162112,0,,100.0
D10187D00_SV_FLAG_999999999_0,D10187D00,999999999_0,True,False,10086,152269,0,152452,152269,0,183,9903,0,100.0,0.12003778238396348
D10187D00_SV_FLAG_0_0,D10187D00,0_0,True,False,162172,183,0,152452,183,0,152269,9903,0,100.0,99.87996221761604
D2Z000071_SV_FLAG_999999999_0,D2Z000071,999999999_0,True,False,3151,159204,0,159204,159204,0,0,3151,0,100.0,0.0
D2Z000072_SV_FLAG_999999999_0,D2Z000072,999999999_0,True,False,3151,159204,0,159204,159204,0,0,3151,0,100.0,0.0
D2Z000078_SV_FLAG_999999999_0,D2Z000078,999999999_0,True,False,3148,159207,0,159207,159207,0,0,3148,0,100.0,0.0
DA1000104_SV_FLAG_999999999_0,DA1000104,999999999_0,True,False,1571,160784,0,160784,160784,0,0,1571,0,100.0,0.0
DA1000104_SV_FLAG_0_0,DA1000104,0_0,True,True,162355,0,0,160784,0,0,160784,1571,0,,100.0
DUN000028_SV_FLAG_999999999_0,DUN000028,999999999_0,True,False,162212,143,0,151658,143,0,151515,10697,0,100.0,99.9057088976513
DUN000028_SV_FLAG_0_0,DUN000028,0_0,True,False,10840,151515,0,151658,151515,0,143,10697,0,100.0,0.09429110234870565
U5DD01006_SV_FLAG_9999999_9,U5DD01006,9999999_9,True,False,162331,24,0,24,24,0,0,162331,0,100.0,0.0
U84010100_SV_FLAG_0_0,U84010100,0_0,True,False,162322,33,0,33,33,0,0,162322,0,100.0,0.0
U84010200_SV_FLAG_0_0,U84010200,0_0,True,False,162322,33,0,33,33,0,0,162322,0,100.0,0.0
UA1040000_SV_FLAG_999999999_0,UA1040000,999999999_0,True,False,45767,116588,0,116588,116588,0,0,45767,0,100.0,0.0
UA1040003_SV_FLAG_999999999_0,UA1040003,999999999_0,True,False,27557,134798,0,134798,134798,0,0,27557,0,100.0,0.0
UR1101100_SV_FLAG_0_0,UR1101100,0_0,True,True,162355,0,0,0,0,0,0,162355,0,,
