iteration,valid_error
1,0.20088312983317824
2,0.20088312983317824
3,0.2008061618339224
4,0.20079147780537715
5,0.20079147780537715
6,0.20079147780537715
7,0.20077679377683189
8,0.20076999706643972
9,0.20079147780537712
10,0.20079147780537712
11,0.20079147780537712
12,0.20067548050261289
13,0.20067548050261289
14,0.20067548050261289
15,0.20159981919051656
16,0.20099623963049662
17,0.20121898027686422
18,0.2013825315829535
19,0.20135709570022947
20,0.2015013704523233
21,0.2013785764391669
22,0.201251850251644
23,0.20130447297593673
24,0.20134634384605066
25,0.20136102787459592
26,0.2013638924106216
27,0.20126544367242835
28,0.2013638924106216
29,0.20140292171413
30,0.20139612500373785
31,0.2013785764391669
32,0.20132990885866078
33,0.20132990885866078
34,0.20127048942397585
35,0.2013825315829535
36,0.20133670556905295
37,0.20138932829334566
38,0.2014419510176384
39,0.2014730930029937
40,0.20154433193019816
41,0.20148777703153894
42,0.2014730930029937
43,0.2014730930029937
44,0.20142047027870097
45,0.20142726698909313
46,0.20146629629260154
47,0.20142726698909313
48,0.20136784755440823
49,0.20142047027870097
50,0.20130842811972335
51,0.2014136735683088
52,0.20140008014752447
53,0.2014147641760697
54,0.20140796746567752
55,0.2014147641760697
56,0.20134745742323173
57,0.20138648672674012
58,0.20138648672674012
59,0.20137289330595579
60,0.2014255160302485
61,0.2013632320595379
62,0.20139437404489322
63,0.2012823318859156
64,0.20109902783031336
65,0.20112730527964293
66,0.2010249243670832
67,0.20096550493239831
68,0.20096550493239831
69,0.20095191151161396
70,0.20093831809082963
71,0.20093043077267655
72,0.2008398923220565
73,0.20091290517752577
74,0.20100848937969332
75,0.201035676221262
76,0.20073926236834141
77,0.20090106271558605
78,0.20074605907873358
79,0.2007782916718498
80,0.20073246565794922
81,0.2005695747029437
82,0.20062612960160287
83,0.20058425873148894
84,0.20056957470294368
85,0.20049942638350018
86,0.20062615257102306
87,0.20041743560211694
88,0.20055884581818506
89,0.20047399050077613
90,0.20050622309389232
91,0.20052770383282975
92,0.20046828439814485
93,0.20047114893417056
94,0.20053845568700857
95,0.2004751040779572
96,0.20046544283153933
97,0.20045864612114717
98,0.2005395462947695
99,0.20047619468571815
100,0.20051806555583207
101,0.20040888793288014
102,0.20056389156973262
103,0.2004156846432723
104,0.2003336938618891
105,0.20037951987578967
106,0.20044682662862764
107,0.20044002991823545
108,0.20031439433847348
109,0.20024708758563553
110,0.20020805828212712
111,0.20021881013630594
112,0.2001271581085048
113,0.20013395481889698
114,0.20008812880499643
115,0.20001798048555292
116,0.20005305464527467
117,0.20006380649945346
118,0.20003157390633725
119,0.19988336697987694
120,0.20005985135566684
121,0.19993598970416968
122,0.19986977355909263
123,0.1998629768487004
124,0.19989411883405578
125,0.1997605959361407
126,0.1999184641090189
127,0.19990487068823454
128,0.1998200153708256
129,0.19987659323890497
130,0.19981321866043344
131,0.19985511249996754
132,0.1998024897756748
133,0.19963673428464357
134,0.19958697609637654
135,0.19955474350326033
136,0.19958697609637654
137,0.1996113213713397
138,0.19943767856215533
139,0.19944163370594198
140,0.19928663006908948
141,0.19928663006908948
142,0.199307020200266
143,0.19924364562179447
144,0.1992447362295554
145,0.19913446799884255
146,0.19921536817246488
147,0.1991265806806895
148,0.1991265806806895
149,0.1989687125078113
150,0.19895009630489963
151,0.1988584442770985
152,0.19887312830564374
153,0.19884198632028843
154,0.1986586822646862
155,0.19870450827858677
156,0.19868302753964937
157,0.1987259890175242
158,0.1986185853228371
159,0.19861178861244494
160,0.19847431057074325
161,0.1984216878464505
162,0.1984284845568427
163,0.19850258802007284
164,0.19849579130968065
165,0.19850938473046503
166,0.19857275930893653
167,0.19848110728113544
168,0.1986185853228371
169,0.19861178861244494
170,0.19850258802007287
171,0.19856596259854437
172,0.19856596259854437
173,0.19850545255609855
174,0.19847431057074327
175,0.19861178861244494
176,0.19840700381790527
177,0.19832501303652206
178,0.19838552307896784
179,0.19845569436783156
180,0.19845569436783156
181,0.19840986835393098
182,0.19839231978936
183,0.19836404234003044
184,0.19840986835393098
185,0.1983114196157377
186,0.1983329003546751
187,0.19837872636857568
188,0.19838661368672877
189,0.19850654316385946
190,0.19845392043956672
191,0.19847826571452987
192,0.19827634545601597
193,0.19821190323920368
194,0.19809877047246516
195,0.1981134545010104
196,0.19808517705168083
197,0.1980325543273881
198,0.19813100306558137
199,0.1980325543273881
200,0.19813100306558137
201,0.19801787029884282
202,0.19800711844466404
203,0.19803935103778025
204,0.19806083177671768
205,0.19806083177671768
206,0.19797993160309535
207,0.19799352502387968
208,0.19798672831348751
209,0.19797204428494228
210,0.19804221557380597
211,0.19801787029884282
212,0.19794376683561266
213,0.19794376683561266
214,0.19789794082171214
215,0.19797204428494225
216,0.19795845086415795
217,0.19794376683561268
218,0.19790691874762611
219,0.19783281528439597
220,0.19787864129829652
221,0.19787864129829652
222,0.19792839948656352
223,0.19787184458790436
224,0.19783961199478814
225,0.19783281528439595
226,0.19785429602333338
227,0.1978542960233334
228,0.19789332532684178
229,0.19793915134074236
230,0.19791767060180493
231,0.19791767060180493
232,0.19778019256010324
233,0.19779774112467421
234,0.1977870122399156
235,0.19774798293640722
236,0.19776553150097817
237,0.19758902415576812
238,0.19769536021211448
239,0.1976388053134553
240,0.19754715328565417
241,0.197540356575262
242,0.19752567254671677
243,0.19759297929955472
244,0.19769536021211448
245,0.19768176679133015
246,0.19768856350172231
247,0.19764273748782174
248,0.1976212567488843
249,0.19767497008093798
250,0.19763200860306313
251,0.1974702082558185
252,0.1975793858787704
253,0.19754431171904863
254,0.19749455353078163
255,0.19749455353078163
256,0.19740969821337268
257,0.1974204500675515
258,0.1974204500675515
259,0.1973287980397504
260,0.1974204500675515
261,0.19738142076404308
262,0.19737462405365092
263,0.19728297202584982
264,0.19721566527301185
265,0.1972614912869124
266,0.1972614912869124
267,0.19719418453407442
268,0.19712687778123644
269,0.19712687778123644
270,0.19712687778123644
271,0.19712687778123644
272,0.19712687778123644
273,0.19712687778123644
274,0.1971336744916286
275,0.1970420224638275
276,0.19702842904304313
277,0.1970069483041057
278,0.19696112229020518
279,0.1970069483041057
280,0.19696112229020518
281,0.1970069483041057
282,0.19696112229020518
283,0.1970069483041057
284,0.19696112229020518
285,0.1970069483041057
286,0.1970137450144979
287,0.19696112229020518
288,0.19696900960835823
289,0.1969231835944577
290,0.19698260302914256
291,0.19698260302914256
292,0.19697580631875042
293,0.19696221289796606
294,0.19690959017367338
295,0.19690959017367338
296,0.19690279346328118
297,0.19690279346328118
298,0.19690959017367335
299,0.19690279346328118
300,0.19690959017367335
