iteration,valid_logloss
1,0.5330424012104551
2,0.5298589501998727
3,0.5267042483966999
4,0.5237942376984617
5,0.5211428273890722
6,0.5187551885330967
7,0.5165448160298121
8,0.5143215727661024
9,0.5123507936929259
10,0.5107499289268014
11,0.5088712523477904
12,0.5072234930651985
13,0.5054639135153707
14,0.5035401755921357
15,0.5019284628762657
16,0.5006319976000736
17,0.49926465167130607
18,0.49789008431113485
19,0.4962879705700924
20,0.4951325958587081
21,0.4939464786592947
22,0.49279714135556435
23,0.49173191018614826
24,0.49063907509857424
25,0.48964993339722335
26,0.4886462851003222
27,0.4878366761450704
28,0.48696657536220317
29,0.4862666198656255
30,0.48529485038629183
31,0.484393116111012
32,0.4835667095933172
33,0.48261737431148144
34,0.4817856196236808
35,0.4809562578475718
36,0.4801502561260269
37,0.4795081851489998
38,0.4788547723764734
39,0.47821674555246
40,0.47753947011318754
41,0.47691269065436426
42,0.4762238550216397
43,0.47563865789767235
44,0.47516061339183535
45,0.4744534540372379
46,0.47375578036078925
47,0.47310531868558536
48,0.4725122165506806
49,0.4720416665952709
50,0.4715008089823713
51,0.4710023886661798
52,0.4705736644475392
53,0.4700816649507269
54,0.46958074333727695
55,0.46910313895918043
56,0.46858424308463875
57,0.4678957001496577
58,0.46741745398609813
59,0.4670601699074827
60,0.4666821992711865
61,0.4662907692973029
62,0.46583781907693245
63,0.4655042840379286
64,0.46510508386421795
65,0.4646796521531103
66,0.46421715835859956
67,0.4637474313207131
68,0.4633876096014687
69,0.46295037948161727
70,0.46255744221441364
71,0.46207921260221535
72,0.46162683215044115
73,0.4613642930853822
74,0.4610031924522467
75,0.4606650681911168
76,0.46028007918739466
77,0.460031858132777
78,0.4597153630098678
79,0.45933341890157314
80,0.4591282440872356
81,0.4588980662499646
82,0.45858106117028813
83,0.4582913812953806
84,0.4579310444157311
85,0.4576120284348991
86,0.4572409263224323
87,0.45697244094455647
88,0.4567190012213103
89,0.45649299274156724
90,0.4563059539696294
91,0.4560715573393618
92,0.4557989287007343
93,0.4554106251463705
94,0.4551763763243573
95,0.4549872451993939
96,0.45480075428063155
97,0.4546054862926743
98,0.4544418577093506
99,0.4541586626544109
100,0.45382405745961923
101,0.4535592603602261
102,0.45338902423057814
103,0.45318630153847217
104,0.4529555421951931
105,0.4528356569078842
106,0.4526281050971152
107,0.452395480819398
108,0.4522961316420267
109,0.45218004900178194
110,0.45196757423150924
111,0.45175717610306887
112,0.4513937691678965
113,0.4512267312406922
114,0.45104308830175177
115,0.45084743490076
116,0.45064597689697355
117,0.45048685849282905
118,0.4503314162107106
119,0.45021444357355656
120,0.4500524944387533
121,0.4498561850071126
122,0.44971143242056555
123,0.449488869747448
124,0.44935385600297967
125,0.4491731016333403
126,0.4490434145617575
127,0.4488687812355854
128,0.4487675715249157
129,0.44866325251334377
130,0.44849620769235854
131,0.4484867404045751
132,0.44838468142338583
133,0.4482815306130493
134,0.4481729824104278
135,0.44800439405231735
136,0.44763110504551945
137,0.4473613327389033
138,0.44718907981874045
139,0.4469849526384799
140,0.44674591865224145
141,0.44653117411132687
142,0.4463594670577735
143,0.44626065638904705
144,0.44609912055850426
145,0.4458898627363714
146,0.44576220307703757
147,0.4456243884884705
148,0.4455460339375839
149,0.44544743635529366
150,0.44532506938867467
151,0.4452228122029208
152,0.44513051246275903
153,0.44505796541894915
154,0.44494499225691475
155,0.4446983072813727
156,0.4446349444884954
157,0.4444924293760678
158,0.44428080394139263
159,0.4441401874917053
160,0.4439907859707035
161,0.44390461866667646
162,0.4438150330952963
163,0.4436445167678717
164,0.4435560745226235
165,0.4433281158971841
166,0.4432517194230601
167,0.4431833707326405
168,0.4431084323953197
169,0.4430310556553937
170,0.4426934731040681
171,0.4426071485641873
172,0.44240062177933864
173,0.4421792887330498
174,0.4420778959478536
175,0.4420143205712381
176,0.4418477488525734
177,0.4418001431454023
178,0.4416763639158275
179,0.44162407928417935
180,0.44145908525511773
181,0.44134515682260367
182,0.44120877564700045
183,0.4410792056854563
184,0.4410236610740126
185,0.44083372626192935
186,0.4406888252727233
187,0.44060442232036123
188,0.4403452833275239
189,0.440195493146215
190,0.440067939926085
191,0.439942838723815
192,0.4398298143242633
193,0.4396470266123581
194,0.43947871142516487
195,0.439390337666792
196,0.43931525638433194
197,0.4392332765285928
198,0.439143602085872
199,0.43908296795974006
200,0.4390461588826379
201,0.43891075985542094
202,0.43879344536212306
203,0.43868135328573565
204,0.4386183643012999
205,0.4385805200585229
206,0.43848518880138776
207,0.4384429341586674
208,0.43827255578395524
209,0.43819176037945384
210,0.43811315049706107
211,0.43802528791634887
212,0.43782476991200175
213,0.4377184505128699
214,0.437467665412084
215,0.43738507971491913
216,0.4373384852424693
217,0.43727704324773214
218,0.43727684474590034
219,0.4372199792983524
220,0.43715337235806584
221,0.4369407780708447
222,0.436801892070362
223,0.4367544393874558
224,0.4366767599006017
225,0.43659132811860424
226,0.4365657896021742
227,0.4364165404031865
228,0.4363688185967957
229,0.4363170152081543
230,0.43616842466225547
231,0.4359943626769745
232,0.43592241628137657
233,0.435840188462033
234,0.4358185778933693
235,0.43572418112934536
236,0.43565945923495314
237,0.43559451908455216
238,0.43552900695923713
239,0.435424445049067
240,0.43539030896618286
241,0.43522952876617077
242,0.43516864988067894
243,0.4350989624329096
244,0.43506792023661184
245,0.43498754452268024
246,0.43498977604025163
247,0.4348716959045511
248,0.4348353069106948
249,0.43478000822718876
250,0.4346859035055825
251,0.4345975288736258
252,0.43452658419594375
253,0.43436421359303995
254,0.4340955863380956
255,0.43398465808557485
256,0.43388842262131916
257,0.43383715765880604
258,0.4337070274368979
259,0.4335874023512572
260,0.43351947645452793
261,0.4333992121516001
262,0.4332764283919387
263,0.43323132885530563
264,0.43318828956261596
265,0.43317352615503635
266,0.4331635051273484
267,0.43309532081963364
268,0.4330120722113857
269,0.4329787422842318
270,0.4329413481487231
271,0.4328207164268131
272,0.43280438756512873
273,0.43273484532106704
274,0.4326775917259444
275,0.43263169793456446
276,0.4326088605778215
277,0.4325843039897012
278,0.4325413001670256
279,0.43248786594432403
280,0.43241056171370085
281,0.43233128314484953
282,0.43233473002172157
283,0.43229202227106794
284,0.4322442185977241
285,0.43221868733511454
286,0.4321689428074776
287,0.4321194930933968
288,0.43186718240381455
289,0.43180585388296694
290,0.43175635882819724
291,0.4316776411413927
292,0.43160811829533285
293,0.4315741510680932
294,0.431556635241779
295,0.4314761248363714
296,0.4313714111548979
297,0.43116567215533697
298,0.4311606894794941
299,0.4310865094234288
300,0.4310017548457132
301,0.4309579829269625
302,0.430878842568229
303,0.4308604501703846
304,0.43083757746121604
305,0.43076063394925806
306,0.4306205481876421
307,0.43057988093534433
308,0.4305102278018059
309,0.4304701343603737
310,0.4304452294721101
311,0.4304118486757268
312,0.4303513845508743
313,0.43028974449036655
314,0.43026188216008654
315,0.4302160335883324
316,0.43018164648930163
317,0.43013736556260973
318,0.4300448732247512
319,0.43000387971403864
320,0.42994187857097793
321,0.4299025090430205
322,0.4298615686188313
323,0.42979078179892927
324,0.42977609499772174
325,0.42975581337753105
326,0.4297366697016983
327,0.4296785492148055
328,0.42962417100269484
329,0.4295895081639378
330,0.4295201183563774
331,0.4295148465497379
332,0.4294489899543149
333,0.42939696608883104
334,0.42937129972464727
335,0.42934593526256354
336,0.42932603983816126
337,0.4292845353426512
338,0.42926497935119723
339,0.42918273612507185
340,0.4291013325313864
341,0.42901251445471106
342,0.4289315581525036
343,0.42891489037987474
344,0.4289032473021558
345,0.42882511133914625
346,0.4287886988589544
347,0.4287743719370559
348,0.42868388835865845
349,0.4286614533076944
350,0.42857948037056254
351,0.4285457023158381
352,0.4285015601530761
353,0.42845699148904814
354,0.42845548155818775
355,0.42824379782172567
356,0.4282034689308956
357,0.42817211193876725
358,0.4281457543237269
359,0.4281440052741799
360,0.42808543705083374
361,0.42805043302580714
362,0.42803597797827464
363,0.4279728047880635
364,0.42792475941907293
365,0.4278895049210278
366,0.42789211365147134
367,0.42784068168076095
368,0.4278141620966478
369,0.4277849201823647
370,0.4277134138100546
371,0.42766651090113
372,0.427664741215996
373,0.42763215873548
374,0.4275959430031816
375,0.427585853220594
376,0.4275610581772964
377,0.4275306823385014
378,0.4275134682428244
379,0.42745684414759144
380,0.4273827182678291
381,0.4273620606040098
382,0.4273639357522109
383,0.4273640060357603
384,0.4273343407398122
385,0.4273210186522644
386,0.42728100597413926
387,0.42727632900234164
388,0.42720355420932615
389,0.42719599557319576
390,0.4271351295355325
391,0.4270586063889221
392,0.42705341145016806
393,0.42703015436273356
394,0.4270079376658661
395,0.42697288548450646
396,0.4269338721921101
397,0.42689992265303367
398,0.4268809848658181
399,0.4268631039883815
400,0.4268228844305806
401,0.4268076901729272
402,0.4266315065293781
403,0.4266109063527185
404,0.4265863250047288
405,0.4265305710183865
406,0.42653247536249
407,0.42647217963374207
408,0.42642691769790153
409,0.4263722594972443
410,0.4263007979703617
411,0.42624491866388137
412,0.4261691783548487
413,0.4261368023026844
414,0.42608174248039477
415,0.4260340340885855
416,0.42598036407211537
417,0.4259233063831269
418,0.425895400248423
419,0.42589130541852355
420,0.4258218536604922
421,0.42576475823904064
422,0.4257324193954848
423,0.42568113967164356
424,0.4256293718236391
425,0.42557075843415193
426,0.4255494463990414
427,0.4255224539861608
428,0.4255270518466618
429,0.42551970267369443
430,0.4254924256645278
431,0.4254290353145579
432,0.42536631625376664
433,0.4253577889237502
434,0.4252980605204396
435,0.42527516366707674
436,0.42521933606753387
437,0.4252034113715295
438,0.42504929100045435
439,0.42499027305868387
440,0.4248671596066013
441,0.42484147843823183
442,0.4247798117240832
443,0.42474937485652753
444,0.4246692133669301
445,0.42462148554843626
446,0.4246117558869431
447,0.42455284191026166
448,0.42452296573103704
449,0.4244719434608309
450,0.42441140061539295
451,0.42438254836365474
452,0.42437532814910156
453,0.4243137471262583
454,0.42427067255639345
455,0.42418464448099147
456,0.42414299681891804
457,0.4241007104814514
458,0.4240816687131047
459,0.4240725375622533
460,0.42404662402014975
461,0.4240290621899052
462,0.42400821360287977
463,0.4239836263768804
464,0.4239717057563799
465,0.4239552042216725
466,0.42393582459007445
467,0.4239199668962898
468,0.42391061552398795
469,0.42388738600038445
470,0.4238513718980189
471,0.4237670729640033
472,0.4237569477798163
473,0.4237452585346766
474,0.42360220309668245
475,0.42358572057222893
476,0.42357021773719594
477,0.4235260225517708
478,0.42348902966398855
479,0.42347406631800744
480,0.4234380343846173
481,0.42341172444395486
482,0.42339057436705463
483,0.4233821200673625
484,0.42337627804767913
485,0.423352303432795
486,0.4233407725881412
487,0.4233301860825931
488,0.42324430056945345
489,0.4232113552102949
490,0.42316360357712884
491,0.42313829600713454
492,0.4230981022584631
493,0.42306351662549185
494,0.4229867407760178
495,0.42295350464907955
496,0.42294107400757003
497,0.4229275985681188
498,0.4228800991172659
499,0.4228682374891448
500,0.4227539852568001
501,0.422684197689459
502,0.42267342861814683
503,0.4226254391350543
504,0.42261663457442916
505,0.4226101666823995
506,0.4226139700211278
507,0.42259958321590874
508,0.42260727213687105
509,0.42262768351112195
510,0.42263818066354475
511,0.422635711339002
512,0.42263395779372653
513,0.4226473026046245
514,0.4226163870987956
515,0.4226001674650545
516,0.4225709783557531
517,0.4225931080005236
518,0.4225628336919476
519,0.42249906646793134
520,0.4224962123959255
521,0.42245564755485077
522,0.42244003467099617
523,0.4224292245842999
524,0.4223794082457627
525,0.42236405995454357
526,0.422359370310748
527,0.42232036359183317
528,0.4222893757845757
529,0.42229067413057453
530,0.42227642158622586
531,0.42226186614526007
532,0.422232150549263
533,0.42218326596460415
534,0.4221670874293888
535,0.4221572691203255
536,0.42216534860264876
537,0.4221302529113721
538,0.4220832874647893
539,0.4219809355817492
540,0.4219146696614084
541,0.4218779472536969
542,0.4218424898454791
543,0.42180697013867696
544,0.4217341504498099
545,0.42172846924844976
546,0.42168651656836104
547,0.42166959625311967
548,0.4216665764199029
549,0.4216650430016678
550,0.42164009180919476
551,0.42160750827112153
552,0.42156570652561043
553,0.4215795899286358
554,0.42153691010063493
555,0.42152424622970075
556,0.42150170737325754
557,0.42148245602045725
558,0.4214858057166244
559,0.4214712228709666
560,0.42145906849027776
561,0.4214433267125917
562,0.42141399581254585
563,0.4214035890433649
564,0.42140275033163666
565,0.421389651109956
566,0.42137454239705274
567,0.4213521737226069
568,0.42132809390361176
569,0.42129285443819886
570,0.4212820428365893
571,0.42123725254742117
572,0.42123528833142787
573,0.42122743609983393
574,0.42120484948994663
575,0.4211991750708679
576,0.4211249633172799
577,0.4211106932104425
578,0.4210995725695591
579,0.42108506556466574
580,0.42106699042510054
581,0.421022314104588
582,0.42101487133011356
583,0.42096063832917957
584,0.4209437458550405
585,0.42093608304240715
586,0.420920264910997
587,0.42089025645116795
588,0.4208974484485209
589,0.42089831814392786
590,0.42088653758878625
591,0.4208660744481948
592,0.42083940977909085
593,0.4208325465876506
594,0.4208036268478245
595,0.4208022820288893
596,0.42078718416582583
597,0.4207598045994978
598,0.4207279990101189
599,0.42072548973878227
600,0.4207213422763464
601,0.4207328645118032
602,0.4207199328996495
603,0.42070085990496997
604,0.4206839815007545
605,0.4206794250058619
606,0.4206318303398594
607,0.42060965180087295
608,0.4206091723398622
609,0.42058958701141425
610,0.4205103204029413
611,0.42046818711930717
612,0.42047357400055396
613,0.4204541073448516
614,0.4204451794819838
615,0.4204155690863795
616,0.4204085848139606
617,0.4204074008873001
618,0.4204096046643168
619,0.4203847806510061
620,0.42036934971780876
621,0.4203404673796004
622,0.42036274459235
623,0.4203523959495069
624,0.4203257750492679
625,0.42031504352082744
626,0.4202841812666361
627,0.42025586866128634
628,0.4202599070959489
629,0.420245426835437
630,0.4202504335257243
631,0.4201349329613985
632,0.42014034944955525
633,0.42012013228406186
634,0.42010866484288867
635,0.42009953299061864
636,0.42006662020254226
637,0.4200386588327563
638,0.4200284027193594
639,0.41998657542547707
640,0.41994041381852837
641,0.4199284506167137
642,0.4199073438190959
643,0.419890221552514
644,0.419915730797162
645,0.41989543049697015
646,0.41988652605521787
647,0.41985834059485555
648,0.41985984259932596
649,0.41985140972497287
650,0.41982881435585456
651,0.4197996224517898
652,0.4197979784269836
653,0.41977425087872666
654,0.41974714308238636
655,0.41975627359291084
656,0.4196749120762057
657,0.4196803490337108
658,0.4196791301533896
659,0.4196692780904589
660,0.4196745731850054
661,0.41964964916190134
662,0.4196401002687147
663,0.4196171006095814
664,0.4196221606262533
665,0.4196138724821528
666,0.41959121551676587
667,0.4195704358238562
668,0.41956413947176996
669,0.4195538363842366
670,0.4195505946079833
671,0.4195518208592142
672,0.4195463814246919
673,0.4195537257533465
674,0.4194943199751187
675,0.41945252844294023
676,0.41945880765552
677,0.41942307203052637
678,0.41936453974874144
679,0.4192870183699487
680,0.41924474568692083
681,0.41922755252249055
682,0.41921724011824046
683,0.41921478621737407
684,0.4191832403511709
685,0.41916240904363117
686,0.41913373502412005
687,0.41910367626966116
688,0.419101071381662
689,0.4190860205248599
690,0.4190769787901293
691,0.41906527916968456
692,0.4190674792608507
693,0.41906348231200724
694,0.4190549809843651
695,0.41906655047725366
696,0.4190659314528472
697,0.41903443270903656
698,0.4189852902043954
699,0.418953514545518
700,0.41894013798868657
701,0.41891529661992116
702,0.41889759651420483
703,0.4188828700464948
704,0.41887748628199134
705,0.41883851138972406
706,0.4188541081536105
707,0.41881739538734375
708,0.41880644280224527
709,0.41882879443391663
710,0.4188308300679922
711,0.41885716878355567
712,0.41882097965896364
713,0.4187942188956017
714,0.418796285228299
715,0.4188076011011437
716,0.41879784579795715
717,0.4187934458139519
718,0.4187952848408926
719,0.418795573406012
720,0.4187750006032306
721,0.4187817781819038
722,0.41875825475122413
723,0.4187702156383187
724,0.41876000163693344
725,0.418731122191081
726,0.4186884107918814
727,0.4186702760879514
728,0.4186869563293923
729,0.4186728693097665
730,0.4186387962983322
731,0.41855731097328086
732,0.4185579661040664
733,0.41852525614029323
734,0.4184929909944638
735,0.418472798675582
736,0.41847012561941177
737,0.41846436308447627
738,0.4183703930293451
739,0.4183370369335133
740,0.4183094403945581
741,0.4183013808718222
742,0.4182976995524542
743,0.4182601099803532
744,0.4182533925312795
745,0.41823318049616665
746,0.4182323771516438
747,0.41821909356577947
748,0.4182055564033581
749,0.4181792601721454
750,0.4181762502724651
751,0.4181456470590605
752,0.41806699475854775
753,0.4180443150931067
754,0.4180480077312069
755,0.4179918089255854
756,0.4179594180918415
757,0.4179507975001992
758,0.4179433257029982
759,0.4179312769774278
760,0.41794757635041174
761,0.41791615276592653
762,0.4179066136810889
763,0.41789925096187414
764,0.4178999883324755
765,0.4179151363983202
766,0.4178694682564119
767,0.41787160451286265
768,0.41785788172476757
769,0.41783239906502107
770,0.4178177113592171
771,0.4178432489125771
772,0.41781127022768816
773,0.4178004176113642
774,0.4178007642113826
775,0.4177731940152107
776,0.4177802046448801
777,0.4177719286487564
778,0.4177818105500435
779,0.41775743991528413
780,0.4177302249104669
781,0.4177311491819361
782,0.4177197075442541
783,0.4176771432478391
784,0.4176826733108553
785,0.4176612186259771
786,0.41763201339532324
787,0.4176329115495047
788,0.41760979578323626
789,0.4176177147175379
790,0.41760591545758086
791,0.4176053879701413
792,0.4176151115813257
793,0.4176176031174402
794,0.4175677540953024
795,0.41756629439688414
796,0.4175476530495807
797,0.4175053592984646
798,0.41747028594208385
799,0.4174696481628885
800,0.4174481196128154
801,0.4174229672596388
802,0.417401343869349
803,0.41740873489867225
804,0.4174174963268869
805,0.41738537004629
806,0.4173855500768718
807,0.4174298154242312
808,0.417400320565713
809,0.41739807820225155
810,0.41742615055551435
811,0.4174280632991179
812,0.4174233075422862
813,0.4173981640133374
814,0.4173798631687862
815,0.4173741739601352
816,0.4173471675314855
817,0.4173405765540504
818,0.4173084508485076
819,0.41728344143744206
820,0.41726114820041704
821,0.41727522774588616
822,0.4172588627145633
823,0.4172766006352796
824,0.41725113656872304
825,0.4172301763525316
826,0.4172209171180108
827,0.41720220734723357
828,0.4171721535201276
829,0.4171979186309341
830,0.41717899793725394
831,0.4171527511131682
832,0.4171312223733209
833,0.41712838788431333
834,0.4171097332529537
835,0.4170960001247433
836,0.41708421600411605
837,0.4170830762613629
838,0.41705538491962546
839,0.4170428541190396
840,0.41704627000629824
841,0.4170500032703866
842,0.41700912383791333
843,0.41705201279499665
844,0.41703735958945515
845,0.4170602558204331
846,0.41702867151372336
847,0.41702726244254207
848,0.4170441787301884
849,0.4170538250240185
850,0.4170513180496468
851,0.417039340553854
852,0.4170356391981787
853,0.417031132552141
854,0.41704706788931517
855,0.41704171796426026
856,0.417042051016643
857,0.4170212154770274
858,0.41703595333613436
859,0.4170122506984101
860,0.41703436815838635
861,0.4170359956880926
862,0.41703268348865963
863,0.41701814905225476
864,0.41700880504094173
865,0.41698286542262203
866,0.4169511532818301
867,0.416950196676603
868,0.41695248683233527
869,0.41694368699376627
870,0.4169148753939142
871,0.4169208729761175
872,0.4169252252539081
873,0.41690646317426716
874,0.4169538499210679
875,0.41695850403104195
876,0.41696618725858103
877,0.4169572033537126
878,0.41695455774276197
879,0.41687713225299944
880,0.41685169939979017
881,0.41680659660183944
882,0.4168084020445734
883,0.41680470475950915
884,0.41681688509867953
885,0.4168230903704202
886,0.4168281943545113
887,0.4168127906078739
888,0.41678101836442366
889,0.4167605281321858
890,0.41675918910608495
891,0.4167613421450146
892,0.41674278401359877
893,0.41672442603998705
894,0.41671540993507655
895,0.4167156519895409
896,0.41674144497503196
897,0.4167354696399716
898,0.41674727387813176
899,0.4167347373181191
900,0.4167406149870163
901,0.4167353548250753
902,0.4167213344863874
903,0.4167006759391
904,0.41667473334193383
905,0.4166498284847601
906,0.416636557781841
907,0.4165982389202917
908,0.41659316613773945
909,0.41659864043893674
910,0.41658605853043335
911,0.4166111702094263
912,0.4165980677187966
913,0.4165725331435929
914,0.41657975015188003
915,0.41658183682107847
916,0.41657850864882123
917,0.4165504840712756
918,0.41656038421946584
919,0.41654613788480843
920,0.4165506098354431
921,0.41651255700926093
922,0.41650710911900984
923,0.41650123944860307
924,0.4164775891581959
925,0.41645662972178293
926,0.4164664656365904
927,0.41647488201728455
928,0.41647301839390805
929,0.4164783731613273
930,0.4164402908556997
931,0.4164257288555532
932,0.4164121803238416
933,0.4164215742002384
934,0.4164241366101055
935,0.41636741846387626
936,0.41636900152136674
937,0.41637121395908017
938,0.41639324773397196
939,0.4163965910020276
940,0.41639937167585556
941,0.41640738421004875
942,0.4163983880961361
943,0.41638440655048053
944,0.4163343920786511
945,0.4163391997800611
946,0.41635063381319504
947,0.41634266618703125
948,0.4163299418176656
949,0.41632570826592263
950,0.41629897956576534
951,0.41629316935293664
952,0.4162692722888829
953,0.4162522894031602
954,0.41623562762026795
955,0.41624784459617514
956,0.41621588258983194
957,0.4162272966401474
958,0.4162252035538136
959,0.4162494307644093
960,0.41625221658664496
961,0.41626251994839303
962,0.4162791247564643
963,0.41625626698714563
964,0.41623617226116966
965,0.41619856576788505
966,0.41618388536721046
967,0.41614335586109846
968,0.41612778460111816
969,0.4161109760106301
970,0.4160810999521723
971,0.41608172930218634
972,0.4160488499875925
973,0.4160413088880894
974,0.41602455709944947
975,0.4159969622714938
976,0.4160017963148225
977,0.4160061535350664
978,0.41601427478367475
979,0.4160131453893056
980,0.41599545136866145
981,0.41601671970761234
982,0.4160156686834623
983,0.4159821306914768
984,0.4159861935573148
985,0.4159682292960269
986,0.4159519850971509
987,0.41594630207068156
988,0.41594503820530254
989,0.41593362329502614
990,0.41594112538646205
991,0.41596200343444295
992,0.41597253326906597
993,0.4159503411311876
994,0.41589908470817816
995,0.41588686063419184
996,0.4158678095201291
997,0.41585756936185814
998,0.41585187582853966
999,0.41582472982762475
1000,0.41580548320096017
1001,0.41577186481031436
1002,0.4157715743523166
1003,0.4157765909103236
1004,0.41578244964615363
1005,0.41580276422101364
1006,0.41579232727198356
1007,0.4158106445408332
1008,0.415806891775642
1009,0.41579449174958827
1010,0.4157833927848286
1011,0.4157816165080073
1012,0.4157832328126323
1013,0.41576961590150197
1014,0.41578495833407003
1015,0.41577468557402086
1016,0.4157775556202637
1017,0.41577488524630996
1018,0.415777183711439
1019,0.41576247405770367
1020,0.4157696407255685
1021,0.4157583829943122
1022,0.41573015946559977
1023,0.415708503738942
1024,0.41569042002412737
1025,0.415692593082977
1026,0.4156968154462776
1027,0.4156968586891323
1028,0.4156904884614513
1029,0.41567618831147224
1030,0.4156493912542059
1031,0.41564416486878686
1032,0.4156425704302384
1033,0.4156312534960816
1034,0.4156656579254565
1035,0.41563871596989255
1036,0.4156258318682528
1037,0.4155724727272597
1038,0.41555212784177353
1039,0.4155544776630435
1040,0.4155752631418868
1041,0.4155639556927434
1042,0.415544580022603
1043,0.41554630518171587
1044,0.4155391414179057
1045,0.41551308756478134
1046,0.41552328931405774
1047,0.4155441321422207
1048,0.415532825548504
1049,0.4155305257415238
1050,0.4155250820971988
1051,0.41545046458678064
1052,0.4154432225337539
1053,0.4153924451990792
1054,0.41537693396473285
1055,0.41537586783778224
1056,0.4153401624825299
1057,0.4153345872698655
1058,0.4153331653630415
1059,0.4153262492415865
1060,0.4153125759889842
1061,0.4152924282089954
1062,0.4152966523075902
1063,0.41531955452940883
1064,0.4153119038516124
1065,0.41529216459929597
1066,0.4152837151161391
1067,0.415295010747461
1068,0.4153008254212669
1069,0.41529219115148797
1070,0.4152787624377509
1071,0.4152593526214611
1072,0.4152473378296032
1073,0.4152384558272564
1074,0.4152347399633475
1075,0.4152316198098655
1076,0.4152209203449869
1077,0.4152041837027642
1078,0.4151945299703486
1079,0.4151848850014182
1080,0.4151861271235131
1081,0.4151797520018544
1082,0.4152000774418617
1083,0.4151764679058571
1084,0.4151548782934655
1085,0.4151342127601628
1086,0.4151401643548474
1087,0.4151429992484976
1088,0.41513277556588285
1089,0.41514852954254616
1090,0.41514306929374856
1091,0.41512306007884314
1092,0.41510459820586176
1093,0.41508692690958665
1094,0.41505721889448843
1095,0.41504278002052253
1096,0.4150342178285195
1097,0.4150265645282304
1098,0.41502328474607453
1099,0.41503875307896554
1100,0.4150093633071649
1101,0.4150240025689566
1102,0.4150384494975362
1103,0.41503417236080037
1104,0.4150161651886884
1105,0.41498629719180186
1106,0.41497196752060367
1107,0.4149442979584969
1108,0.41493070381899344
1109,0.4149365226820014
1110,0.4149387273079703
1111,0.41494230292838397
1112,0.41493715439441553
1113,0.4149506891018736
1114,0.41494143333514033
1115,0.4149141204617899
1116,0.414927423258354
1117,0.41492887061730427
1118,0.41492153398392206
1119,0.41492404668921234
1120,0.4149270757978145
1121,0.41493017992569786
1122,0.41491029846692884
1123,0.4148910117750741
1124,0.41487856564969355
1125,0.4148715824476875
1126,0.41485991189540866
1127,0.41486929706811715
1128,0.4148760918447501
1129,0.41488466370862603
1130,0.4148922759748138
1131,0.4148579687710107
1132,0.41484895531123545
1133,0.4148476279004359
1134,0.4148378052577464
1135,0.4148161412308129
1136,0.4148117590291172
1137,0.4147976675248731
1138,0.4148025541579578
1139,0.4148071969337339
1140,0.41481177950955544
1141,0.4147846192213886
1142,0.4147856764410835
1143,0.4147637759090501
1144,0.4147834091425268
1145,0.4147606409178165
1146,0.4147674393222892
1147,0.4147590160115285
1148,0.4147257002912614
1149,0.4147292936518495
1150,0.41474058248321605
1151,0.41475343574472445
1152,0.41474585941786135
1153,0.4147049111306998
1154,0.414718460239487
1155,0.414688741114907
1156,0.41468255556161376
1157,0.41465937478172943
1158,0.4146633654024448
1159,0.4146567756138513
1160,0.41469226377236507
1161,0.4146504709989522
1162,0.4146542688414355
1163,0.41465462427178684
1164,0.4146466725754071
1165,0.41464705820332626
1166,0.4146241927975092
1167,0.4146448090936945
1168,0.4146489465120118
1169,0.41463002874331173
1170,0.4146048590909296
1171,0.41460266419635033
1172,0.41463011604646943
1173,0.4146260135257263
1174,0.41465600171304007
1175,0.41463449167867394
1176,0.41462464501770807
1177,0.41458105502288445
1178,0.4145829863576524
1179,0.41457297511082836
1180,0.4145952151232748
1181,0.4145856852781945
1182,0.4145839177950592
1183,0.414580083736187
1184,0.41457614935431764
1185,0.41458859331892123
1186,0.4146027736542056
1187,0.414601512166181
1188,0.414596720348925
1189,0.41455994694786835
1190,0.4145101353586655
1191,0.41452517865584737
1192,0.41451291259949785
1193,0.41449881350673573
1194,0.4144897346597958
1195,0.4144712872732174
1196,0.41445927328313925
1197,0.4144509626438755
1198,0.4144190718193417
1199,0.4144106676396382
1200,0.4144258578311783
1201,0.41443088789910243
1202,0.41441882246629547
1203,0.4144217715881987
1204,0.41440991174358766
1205,0.414414436114058
1206,0.414393357430645
1207,0.41437628305341906
1208,0.4143610380101366
1209,0.4143550370207504
1210,0.4143698532145985
1211,0.41436195037123735
1212,0.4143539123117945
1213,0.4143458829227338
1214,0.41433608264582295
1215,0.4143290976216425
1216,0.41432266792212336
1217,0.4142959806426342
1218,0.414301818405809
1219,0.41431446319321574
1220,0.4142639316193715
1221,0.4142704217306002
1222,0.41423116589223696
1223,0.4142129333593556
1224,0.4141986225601531
1225,0.4141772396547363
1226,0.41418396307583594
1227,0.41417639906026554
1228,0.4141694435460195
1229,0.41417829661288125
1230,0.41417683269834
1231,0.41417010630613893
1232,0.41414854498923026
1233,0.4141177189543464
1234,0.4141221953744989
1235,0.41411923259765365
1236,0.41411613068181563
1237,0.414150469092325
1238,0.414149270068961
1239,0.41413365336778873
1240,0.41416340861636913
1241,0.41414372528867593
1242,0.414146849395286
1243,0.4141616323766372
1244,0.4141110264558743
1245,0.41406569270755034
1246,0.4140925395404508
1247,0.41409160013711277
1248,0.41409746201181713
1249,0.41409534649896607
1250,0.4140794386007237
1251,0.41407346818501545
1252,0.41407724040229804
1253,0.4140609839529857
1254,0.41405924705203245
1255,0.4140563531842735
1256,0.41402568208655727
1257,0.4140005970738092
1258,0.414005264431152
1259,0.41397875305356197
1260,0.41394204841537735
1261,0.4139600488491818
1262,0.4139484843767167
1263,0.413934973798044
1264,0.41392731036532926
1265,0.413930918350753
1266,0.41392748831066256
1267,0.4139121835899407
1268,0.4139088464306674
1269,0.4138756624147206
1270,0.41386758542780294
1271,0.4138733361082456
1272,0.41386933524088737
1273,0.41385253889203927
1274,0.4138706910805488
1275,0.41386705842786753
1276,0.4138561332359003
1277,0.4138413857486873
1278,0.4138550762214697
1279,0.4138243516432147
1280,0.4138048099185174
1281,0.4138163900332132
1282,0.41378993428113836
1283,0.4137971704308318
1284,0.4137860151710298
1285,0.41377996613112517
1286,0.4137915709596766
1287,0.4137863672565363
1288,0.4138160237404505
1289,0.41381403550448015
1290,0.4138025768778656
1291,0.4137781264246431
1292,0.41378042323629427
1293,0.41377736393174397
1294,0.41377432349644533
1295,0.41376165998677855
1296,0.41376260548697075
1297,0.41375352176718566
1298,0.4137299226135654
1299,0.41372669092441616
1300,0.41372524934775434
1301,0.41372730938944335
1302,0.4137237606979265
1303,0.4137232873038086
1304,0.413725566226469
1305,0.4137332556139674
1306,0.4137092599898583
1307,0.41370235455689996
1308,0.4136959519408012
1309,0.413673230199902
1310,0.4136527263188008
1311,0.4136272309626176
1312,0.4136372521960569
1313,0.41364303251116263
1314,0.41366178001142756
1315,0.4136460216902004
1316,0.41362847242695516
1317,0.4136041084545304
1318,0.4136061716982151
1319,0.41360461278612864
1320,0.41359721094530527
1321,0.41359596445150837
1322,0.4135945643741769
1323,0.4135743574773702
1324,0.4135659573022174
1325,0.4135630398097734
1326,0.4135591614991678
1327,0.41355105778583495
1328,0.41354563554647966
1329,0.4135533553151885
1330,0.4135426430255318
1331,0.41354611899558485
1332,0.41353099530645665
1333,0.41352575847376616
1334,0.4135062643647764
1335,0.4135068899564862
1336,0.4134753709361985
1337,0.41347239173055905
1338,0.41346857898111594
1339,0.41345147481229017
1340,0.413440159491514
1341,0.4134507917954521
1342,0.413438310064584
1343,0.4134123467880234
1344,0.4133810041210543
1345,0.41339685205455545
1346,0.4133993084076674
1347,0.4134074288801689
1348,0.4134025769088604
1349,0.4134170243891148
1350,0.4134324394540603
1351,0.4134254316145957
1352,0.4134248189125674
1353,0.41341665973148833
1354,0.41345294562984314
1355,0.4134677205446931
1356,0.4134628847562529
1357,0.4134502086558017
1358,0.41345110543750907
1359,0.4134269562203302
1360,0.41341252352691416
1361,0.4134180612714601
1362,0.41342492317081564
1363,0.4134315295797656
1364,0.41344579953819466
1365,0.41345004575502675
1366,0.41345269512612853
1367,0.41345417688263003
1368,0.4134382298957829
1369,0.413466096662303
1370,0.41346868248437557
1371,0.41347915320646317
1372,0.41345313056731714
1373,0.4134321523629796
1374,0.41343350573696946
1375,0.4134208577905382
1376,0.4134299700632705
1377,0.4134239401605201
1378,0.4134502760844276
1379,0.4134531602042818
1380,0.413443201729868
1381,0.41345138263154396
1382,0.4134643590996509
1383,0.41346286645620395
1384,0.41346962901794
1385,0.41347415652515557
1386,0.4134916030957436
1387,0.4134824071672326
1388,0.41346214180848734
1389,0.41342476270245887
1390,0.41340367309535003
1391,0.41339587582998966
1392,0.4134068296138647
1393,0.41338700544176077
1394,0.41339548262791
1395,0.41337821799170976
1396,0.4133807268715233
1397,0.4133604282471292
1398,0.4133650564122324
1399,0.4133580621069309
1400,0.41333384091769737
1401,0.41334086126016706
1402,0.41334584642787187
1403,0.4133422207208163
1404,0.4133129778231913
1405,0.4133001747568895
1406,0.4133178154998337
1407,0.41331120197456034
1408,0.41328827875258306
1409,0.4132794485995012
1410,0.41327478378676624
1411,0.41327655052641277
1412,0.4132670537636309
1413,0.41325574988291197
1414,0.41326656575086357
1415,0.4132632742270439
1416,0.41312494997080557
1417,0.41311403389443124
1418,0.4131275909861113
1419,0.41309842052115453
1420,0.41309717339108387
1421,0.41310334762083467
1422,0.41313180246574427
1423,0.4131405873919343
1424,0.4131203978623521
1425,0.41312208411407125
1426,0.4131250436057975
1427,0.4131252640740485
1428,0.41313337204015127
1429,0.4131369733174075
1430,0.4131321610499283
1431,0.4130885724132476
1432,0.4130716585013076
1433,0.41304536456562485
1434,0.41304637401572797
1435,0.41302771673658856
1436,0.41302901741818215
1437,0.4130245925332891
1438,0.4130075424625586
1439,0.4129990152951295
1440,0.41301564068624064
1441,0.41301417476744107
1442,0.41300380216333793
1443,0.4129864744799479
1444,0.41296801899070845
1445,0.4129521471864036
1446,0.4129579574721345
1447,0.41294954606100337
1448,0.4129544915284185
1449,0.41288674727273506
1450,0.4128983888533832
1451,0.4129037684112218
1452,0.4129190168774959
1453,0.4129028045298706
1454,0.4128842419366394
1455,0.4128998221643299
1456,0.4128724374651696
1457,0.4128626994882943
1458,0.41287250819725435
1459,0.41286437745006455
1460,0.4128448472101737
1461,0.4128296338470648
1462,0.41281270332595166
1463,0.41280430608617674
1464,0.41279565294629983
1465,0.41280097965619555
1466,0.41279812700689505
1467,0.41276468149967355
1468,0.4127562378112366
1469,0.41274856208730615
1470,0.4127178703164082
1471,0.4127119839951418
1472,0.41270446732614635
1473,0.41269255272500477
1474,0.41266595128651207
1475,0.41266211606050507
1476,0.41265891949803424
1477,0.4126338653264993
1478,0.41264769252653405
1479,0.4126257416459436
1480,0.4126192247302139
1481,0.41259829959019556
1482,0.4125576349260025
1483,0.4125497924753171
1484,0.41252799626157644
1485,0.41254477446347027
1486,0.41256201948752474
1487,0.41256090117178307
1488,0.41251633293261275
1489,0.4125355697253407
1490,0.4125306659291511
1491,0.4125326623835342
1492,0.41251506248395925
1493,0.412517360607693
1494,0.412504120998982
1495,0.41250422345399024
1496,0.41249854684173354
1497,0.41250746034556357
1498,0.41248960907714366
1499,0.4124721074651873
1500,0.41246505853231363
1501,0.41245807225513514
1502,0.41246730668793163
1503,0.41245840485883034
1504,0.41244082571195384
1505,0.41244579919207014
1506,0.4124456365307871
1507,0.4124223121690372
1508,0.41242588269972985
1509,0.4124305791320398
1510,0.4124336323614976
1511,0.41242031728227474
1512,0.4124249734518043
1513,0.4124147759781271
1514,0.4124035108705827
1515,0.41240442631208424
1516,0.412397307354948
1517,0.4124030586800204
1518,0.4124002989171632
1519,0.4123959743876885
1520,0.4123828480419462
1521,0.41238976394910304
1522,0.41240625250668655
1523,0.4124054630108234
1524,0.41239248901077086
1525,0.41237941203330036
1526,0.4123967988934513
1527,0.41238126426189853
1528,0.41238568524642166
1529,0.4123734900335204
1530,0.4123689579756689
1531,0.4123495224875477
1532,0.4123616308027517
1533,0.41232880249321185
1534,0.41230475774731895
1535,0.41227473568881934
1536,0.41227365912298364
1537,0.4122617846860658
1538,0.4122630830486953
1539,0.4122782797441292
1540,0.4122784424182598
1541,0.41227483293494316
1542,0.4122841986765283
1543,0.4122885840632481
1544,0.41231181572469583
1545,0.41229629091281744
1546,0.4122996534308806
1547,0.412279096171211
1548,0.41227998832574525
1549,0.41227394662755407
1550,0.4122646962636563
1551,0.4122599653042826
1552,0.41226165917464563
1553,0.41222983935045227
1554,0.41222335376259345
1555,0.41219944893031646
1556,0.4121874844502531
1557,0.41217543008455343
1558,0.41217203968894395
1559,0.41214290212159566
1560,0.41212078244597145
1561,0.4120955963061754
1562,0.4121081135609259
1563,0.41211722660689315
1564,0.4121192098198909
1565,0.41213225926014085
1566,0.41213736588980554
1567,0.4119934536213529
1568,0.41199904437800594
1569,0.41198831947835235
1570,0.4119733757962156
1571,0.41196658869099273
1572,0.4119746364516833
1573,0.4119922273336233
1574,0.4119805027831453
1575,0.41197772716606085
1576,0.41197370010434187
1577,0.41199469780758013
1578,0.4119921598961462
1579,0.41198815606576245
1580,0.41199391394272517
1581,0.4119770293646515
1582,0.4119633506032245
1583,0.41197495477411805
1584,0.4119605256465226
1585,0.411957709202107
1586,0.4119559073374708
1587,0.41194662055216746
1588,0.41193021802435803
1589,0.4119296333176228
1590,0.411919453356952
1591,0.4119208990338188
1592,0.4119139951325385
1593,0.41190814410058446
1594,0.4119178314645215
1595,0.411897673811747
1596,0.4118869317249029
1597,0.41185154855158673
1598,0.4118592680352467
1599,0.4118573362962583
1600,0.4118466427532659
1601,0.4118271568789441
1602,0.41182169025748233
1603,0.41181643455099176
1604,0.4118062755773967
1605,0.4117994667162736
1606,0.4118073937255826
1607,0.41181052208412644
1608,0.4118191440278917
1609,0.41179460619179387
1610,0.41175897687096885
1611,0.41175992914283155
1612,0.4117493614771563
1613,0.4117518289960479
1614,0.4117704286166784
1615,0.41175192507256486
1616,0.4117198623864182
1617,0.4117210885767806
1618,0.41171087551961016
1619,0.4117195522833927
1620,0.41171332519264664
1621,0.41171535438281204
1622,0.4116754690416262
1623,0.4116839871953842
1624,0.41167792058375596
1625,0.4116789421309511
1626,0.41168521882478254
1627,0.4116870652883218
1628,0.4116710301394987
1629,0.41164310279245486
1630,0.41164420954939807
1631,0.41163597394377716
1632,0.41163282489863573
1633,0.41164160165392666
1634,0.41165537724076434
1635,0.41164322519113616
1636,0.4116367949192684
1637,0.4116392936106021
1638,0.41164461383169026
1639,0.4116417346920364
1640,0.4116308996047489
1641,0.4115316878479281
1642,0.4115207894677016
1643,0.41154116043860833
1644,0.4115389599743989
1645,0.4115509244058506
1646,0.411554976846812
1647,0.4115501630317202
1648,0.4115556081635099
1649,0.41155974193211403
1650,0.41154433761495873
1651,0.4115494342681563
1652,0.41153704598207164
1653,0.4115383607877595
1654,0.41152305584053134
1655,0.4115207387192127
1656,0.4114967373366897
1657,0.41149506928868124
1658,0.4114872271837792
1659,0.41147783109935365
1660,0.41146406551143283
1661,0.4114194317332453
1662,0.4114109769014257
1663,0.4113838542601164
1664,0.4113557354157196
1665,0.41133539393636903
1666,0.41133796254636384
1667,0.41135706641944125
1668,0.4113484054659992
1669,0.41134046402298047
1670,0.41132466826702213
1671,0.41132785181076176
1672,0.411337856980894
1673,0.41132284099951255
1674,0.41132351765849867
1675,0.41135359723995657
1676,0.4113525430502852
1677,0.4114003436597616
1678,0.41140464204888794
1679,0.4113802971283893
1680,0.41138418161718227
1681,0.4113841874228662
1682,0.41140441728293103
1683,0.41138275485475473
1684,0.41136707859292176
1685,0.41136030879056595
1686,0.411361195488307
1687,0.411356186858196
1688,0.4113700252864356
1689,0.4113647067556468
1690,0.4113518948822533
1691,0.41136136095259374
1692,0.41133647155676417
1693,0.41131814569485103
1694,0.41131400458902495
1695,0.4113046883780452
1696,0.4113098799984978
1697,0.41132509816200646
1698,0.41132946212621446
1699,0.41134071118940846
1700,0.411351813338159
1701,0.41135015288928156
1702,0.411345711525217
1703,0.41132706986038664
1704,0.4113137638475666
1705,0.4113071756513654
1706,0.4113025596994184
1707,0.4113003621228358
1708,0.4112905105826578
1709,0.41127611267325015
1710,0.4112644344670302
1711,0.41127281222769535
1712,0.41128936389634707
1713,0.4112640294024042
1714,0.41124833955634543
1715,0.411281945165499
1716,0.41129899298509953
1717,0.41130224079479133
1718,0.4113088116860939
1719,0.4112851453101167
1720,0.4112567741849738
1721,0.41125375633898476
1722,0.4112824005265998
1723,0.4112688944167305
1724,0.4112970633775966
1725,0.4113114611555859
1726,0.41129297199962517
1727,0.41129120801689556
1728,0.41129896711161873
1729,0.41128833522982877
1730,0.41129225307638106
1731,0.4112935293708503
1732,0.41130175401080465
1733,0.41129082094720676
1734,0.4112702522879203
1735,0.4112488913724521
1736,0.4112303867310778
1737,0.4112162264581306
1738,0.41119316413208246
1739,0.41119231054137884
1740,0.41118893258958455
1741,0.4111844467647817
1742,0.41118764217931614
1743,0.4111919732768999
1744,0.41118031245481124
1745,0.4111759123478512
1746,0.4111449038516134
1747,0.4111381595992423
1748,0.4111387742449588
1749,0.41115309427605784
1750,0.4111610800594194
1751,0.411141445809317
1752,0.411135599433921
1753,0.4111512655559039
1754,0.4111146958407595
1755,0.4111181604116543
1756,0.4110752397120798
1757,0.4110836605449791
1758,0.41111713750358236
1759,0.41105710083537966
1760,0.4110495346417642
1761,0.4110376896640725
1762,0.4110420442352518
1763,0.41103860794265107
1764,0.4110199089784522
1765,0.41101609961942315
1766,0.41098993088381786
1767,0.4109724962060014
1768,0.4109633590647924
1769,0.410982836775473
1770,0.4109843199076615
1771,0.41098498953320395
1772,0.4109928030187291
1773,0.41097938689405544
1774,0.4109769196566284
1775,0.41096016686553766
1776,0.41095942242514205
1777,0.410974063947611
1778,0.4109694352017403
1779,0.4109658256388319
1780,0.41098817707598995
1781,0.4109818568868913
1782,0.41096649458370255
1783,0.4109782957253609
1784,0.41098109086021334
1785,0.4109688544213563
1786,0.4109650712871486
1787,0.41094960953602605
1788,0.41094696986436563
1789,0.4109513537867666
1790,0.4109646531730547
1791,0.4109544163118086
1792,0.4109713318936787
1793,0.4109581185316522
1794,0.41093962837050263
1795,0.41093284405722397
1796,0.41092799144548303
1797,0.4109170379981829
1798,0.41091895106161097
1799,0.4109182149756008
1800,0.41086218440655325
1801,0.4108578510124125
1802,0.4108465350251902
1803,0.410843837066204
1804,0.410870988249815
1805,0.410869074420479
1806,0.41086420033761467
1807,0.41084522480117525
1808,0.4108464819248268
1809,0.4108341446742872
1810,0.41083233890645987
1811,0.41085053080722367
1812,0.410844707080037
1813,0.41085541675700205
1814,0.4108530618732569
1815,0.41084510669178703
1816,0.4108380226648694
1817,0.4108427087469443
1818,0.41085260096126125
1819,0.4108381437930735
1820,0.41083748307502427
1821,0.4108371318922551
1822,0.41076652950080084
1823,0.41075833505643333
1824,0.4107520329235098
1825,0.4107604389773198
1826,0.4107583370979677
1827,0.4107316382173948
1828,0.41074077046056684
1829,0.4107427003281867
1830,0.4107304197172591
1831,0.41075452289774345
1832,0.41074535428025316
1833,0.41073529607393844
1834,0.41074114384567895
1835,0.41073323048429156
1836,0.41072522721594046
1837,0.41074291705499366
1838,0.4107542208872024
1839,0.410750811343771
1840,0.4107509463042659
1841,0.41075101834015026
1842,0.4107494266058214
1843,0.41074108763203077
1844,0.41073696762238904
1845,0.41075576092983634
1846,0.41074191730555376
1847,0.4107364143941961
1848,0.4107320912161097
1849,0.4107355320146865
1850,0.41072714581636033
1851,0.4107295128602763
1852,0.4106947473820261
1853,0.41072667471274904
1854,0.4107367815993104
1855,0.4107382134995428
1856,0.41072069886191187
1857,0.41070625779426057
1858,0.41069774310949775
1859,0.41068369740212757
1860,0.410703651762301
1861,0.41069909252350956
1862,0.41068626241973605
1863,0.4106691801264611
1864,0.41066811077784154
1865,0.4106736789917568
1866,0.4107061611435866
1867,0.4107230614104728
1868,0.4107060164647971
1869,0.4106949976053579
1870,0.41071108025430125
1871,0.41070034185346604
1872,0.41070249428284605
1873,0.41067937365262214
1874,0.4106934180768604
1875,0.4107168402001233
1876,0.4107304894830203
1877,0.4107245633085908
1878,0.41073689556562387
1879,0.41072919235143035
1880,0.41073885153873735
1881,0.4107349678239404
1882,0.4107462133980034
1883,0.41073358040507335
1884,0.4107343454623631
1885,0.4107385051006547
1886,0.41073033176310475
1887,0.4107197806463045
1888,0.41073315833815377
1889,0.41073458488853404
1890,0.41073391686561317
1891,0.41072332391835503
1892,0.410684361496148
1893,0.41071361623838964
1894,0.41072474407486964
1895,0.4106987188894556
1896,0.41069466805712546
1897,0.41069110166441924
1898,0.410681516366202
1899,0.41068804005440596
1900,0.410705987679681
1901,0.41071363640950875
1902,0.4107078401971295
1903,0.4107013933605374
1904,0.4106938694363007
1905,0.41068053812427663
1906,0.41072092476231026
1907,0.4107160202239816
1908,0.41070335571529815
1909,0.4106958705500712
1910,0.41070207012745497
1911,0.41071487606486246
1912,0.4107064155760412
1913,0.4107015542406161
1914,0.41069428631364774
1915,0.41068947622607477
1916,0.4106979799762995
1917,0.41067920780866946
1918,0.4106749442861735
1919,0.4106639159809252
1920,0.41062195113691496
1921,0.4106455487969696
1922,0.41065696147484543
1923,0.41063674349889584
1924,0.4106258048403136
1925,0.4106260052291623
1926,0.4106536812342233
1927,0.41065875882136244
1928,0.4106602521411682
1929,0.41065396546311445
1930,0.4106348500200471
1931,0.4106459052883569
1932,0.4106427454591539
1933,0.41062575702643744
1934,0.41062327396357556
1935,0.4106052481934654
1936,0.410600319645257
1937,0.41056479509994687
1938,0.41048877760824726
1939,0.41046036832693844
1940,0.4104524911277347
1941,0.41046114790338317
1942,0.4104339282007821
1943,0.41042734374919926
1944,0.41041213645579616
1945,0.4104206715281966
1946,0.4104182469725807
1947,0.4104182924997903
1948,0.4104196188252795
1949,0.4104195834400977
1950,0.4104327870036391
1951,0.4104308091269417
1952,0.4104230546781941
1953,0.4104233684011723
1954,0.410432046660471
1955,0.41039794510292943
1956,0.4104116820197159
1957,0.4104055976481629
1958,0.4104013716805135
1959,0.4103906841480856
1960,0.41038318068582774
1961,0.4103763400706974
1962,0.4103852755871227
1963,0.41042805414536304
1964,0.410432147470065
1965,0.4104115383683884
1966,0.4104308455372513
1967,0.41043612743420976
1968,0.41044620939120463
1969,0.41042562207073974
1970,0.4104133190388844
1971,0.4104034989557854
1972,0.4104162041349626
1973,0.41042440701261534
1974,0.4104106735721083
1975,0.4103813577396103
1976,0.4103686435600682
1977,0.4103786287533064
1978,0.4103723930924945
1979,0.4103841922959995
1980,0.4103872296861479
1981,0.41037643412042524
1982,0.4103938076652556
1983,0.41040004415649933
1984,0.4103903172576933
1985,0.41039058585301424
1986,0.41041234228191914
1987,0.41039304253277636
1988,0.41037782706922304
1989,0.410394038481162
1990,0.41039017340682304
1991,0.4103924904555562
1992,0.41038162477880435
1993,0.4103681133303088
1994,0.4103696262401049
1995,0.41037107601641354
1996,0.41038019999436975
1997,0.410364386578527
1998,0.4103572990627726
1999,0.41034559959378464
2000,0.41032550071737456
2001,0.41031256928613563
2002,0.41032266722420324
2003,0.4103192149239112
2004,0.4103415684767012
2005,0.4103287884774141
2006,0.4103248299638651
2007,0.4103074825520155
2008,0.4103097722476882
2009,0.41031137710923793
2010,0.41030490222527255
2011,0.410289688846436
2012,0.4102902945113207
2013,0.4103008123611367
2014,0.4102907687920282
2015,0.41029252443682046
2016,0.4102898930879077
2017,0.4102929862426616
2018,0.41030098397287
2019,0.41029661258372985
2020,0.410275590038944
2021,0.4102707535948613
2022,0.41027748057354124
2023,0.41027695856938146
2024,0.4102818296642843
2025,0.4102981504150673
2026,0.410304780127114
2027,0.4103137834472158
2028,0.4103154008475489
2029,0.41036437431201594
2030,0.4103693015329358
2031,0.41038112624212486
2032,0.4103903381314631
2033,0.4103867019370895
2034,0.4103615659667888
2035,0.41038125979609263
2036,0.4103983290959519
2037,0.41038457146395824
2038,0.4103614993397984
2039,0.4103596055553326
2040,0.41035241897582425
2041,0.41032658084939405
2042,0.4103335469136026
2043,0.410331048752864
2044,0.4103279718216096
2045,0.41033223560455334
2046,0.4103010597824878
2047,0.41028214116201034
2048,0.4103045727664107
2049,0.4102997404590155
2050,0.4102822056069289
2051,0.41027102592479053
2052,0.41027949522016965
2053,0.4102637983065655
2054,0.41024621434584907
2055,0.410245842912093
2056,0.41025718271008255
2057,0.4102580800500996
2058,0.4102279731155509
2059,0.4102207454662766
2060,0.4101876660989565
2061,0.4101929155935293
2062,0.4102022531334307
2063,0.41020630609732744
2064,0.41022165402150484
2065,0.41021979953819043
2066,0.41021081062547415
2067,0.41022158624470056
2068,0.41021088751384255
2069,0.41020369379322497
2070,0.41020570730290734
2071,0.41019690873473647
2072,0.41018068698837523
2073,0.41017459490316355
2074,0.4101730497052375
2075,0.4101861878746101
2076,0.410169535330716
2077,0.4101662226943248
2078,0.4101524379414438
2079,0.41012692377553583
2080,0.4101360901264122
2081,0.4101309024303015
2082,0.41013395371747974
2083,0.41012843568036034
2084,0.410109719202745
2085,0.4101014213961424
2086,0.41010504314588075
2087,0.4101023575594353
2088,0.41009433421017594
2089,0.4101018077442035
2090,0.4101084648323164
2091,0.41010430215123905
2092,0.41010408181762126
2093,0.41010000276326036
2094,0.41010487857452627
2095,0.4101035929495105
2096,0.41008942888060546
2097,0.410095496911992
2098,0.41008149261060356
2099,0.4100646745695489
2100,0.41006545793406235
2101,0.41004310189262133
2102,0.4100564697012872
2103,0.41005146692693506
2104,0.4100526602700724
2105,0.4100536106846766
2106,0.41007557203538
2107,0.41007098748472365
2108,0.4100792473220036
2109,0.4100618393877689
2110,0.41004928184985856
2111,0.4100422321544826
2112,0.41004931419617785
2113,0.41005045869318923
2114,0.4100299981313703
2115,0.4100303896570636
2116,0.41002007503733406
2117,0.410030299557732
2118,0.410038398841009
2119,0.41004598314150176
2120,0.41001862027038477
2121,0.41001043444146956
2122,0.4099984705908807
2123,0.4100067339251058
2124,0.40999651334152387
2125,0.4099396521278703
2126,0.40993349766068904
2127,0.4099289487278076
2128,0.40993854077486813
2129,0.4099345338628435
2130,0.40993450632091827
2131,0.4099328748876718
2132,0.40992466177491466
2133,0.40989730151217635
2134,0.409901200507973
2135,0.40988758334549574
2136,0.4099211893196594
2137,0.40992006274244847
2138,0.40991012876615524
2139,0.4098802211873388
2140,0.40987715151398235
2141,0.4098482047167232
2142,0.40985136141566153
2143,0.4098486596383063
2144,0.40984901871613005
2145,0.40985703570825394
2146,0.40985322464697505
2147,0.4098830067896035
2148,0.4099006441638039
2149,0.40994092577969876
2150,0.409939561774606
2151,0.40993294411750814
2152,0.4099409355259656
2153,0.409954730441879
2154,0.4099691852029703
2155,0.40995276792049407
2156,0.4099502515854135
2157,0.4099650943987764
2158,0.40997949907149855
2159,0.4099723354321167
2160,0.40998590050080563
2161,0.41000700990211164
2162,0.40999467768372466
2163,0.4099975354651877
2164,0.4100026855182444
2165,0.4100218881735807
2166,0.41002149020975553
2167,0.4100173003675617
2168,0.41001989362238256
2169,0.41001672884680496
2170,0.4100110388456862
2171,0.4100180031833157
2172,0.4100171026252425
2173,0.4100147325486889
2174,0.4100136940163851
2175,0.4099709197874661
2176,0.40999498228489323
2177,0.40997941940286037
2178,0.4099914788078834
2179,0.4100032762250247
2180,0.4099799498433417
2181,0.41001914913686427
2182,0.41002826543689935
2183,0.4100242318481184
2184,0.4100139799435236
2185,0.4100209280946132
2186,0.4100257757170977
2187,0.4100214925482122
2188,0.41002883921587946
2189,0.4100138730143152
2190,0.4099896423243692
2191,0.4099931253739993
2192,0.4099834398597056
2193,0.40997365134871055
2194,0.4099724856232076
2195,0.40997381503864083
2196,0.40996883497687175
2197,0.4099493382308024
2198,0.4099363148486867
2199,0.40993636800853234
2200,0.40994669863717703
2201,0.4099662728051549
2202,0.409951824005424
2203,0.40993225007357487
2204,0.4099102410194923
2205,0.4099036631902766
2206,0.40990986050119865
2207,0.4099026473912113
2208,0.4098788044093751
2209,0.4098715768363011
2210,0.40985085684465256
2211,0.40984565427763625
2212,0.4098379819420923
2213,0.4098364084206664
2214,0.4098193255867029
2215,0.4098089872033076
2216,0.409815689931045
2217,0.4098352787802862
2218,0.40983824161740123
2219,0.4098464262508867
2220,0.40983890793441086
2221,0.40982939766023224
2222,0.40983986900966113
2223,0.40984527697032147
2224,0.40985634313952635
2225,0.4098430413123525
2226,0.4098803545880169
2227,0.409888602658827
2228,0.4098984197292762
2229,0.4099001056748891
2230,0.40989982873192105
2231,0.4099095392958438
2232,0.40993780821221065
2233,0.40991923602302666
2234,0.40989767951345296
2235,0.4098896459611065
2236,0.4099026527881487
2237,0.40990810661348864
2238,0.40991155348166985
2239,0.409915017955652
2240,0.4099384272596899
2241,0.40992716558843323
2242,0.40993071946545523
2243,0.4099363972659304
2244,0.4099369320054937
2245,0.4099460771134214
2246,0.4099454678258603
2247,0.4099507738426271
2248,0.4099759209927768
2249,0.409994434383916
2250,0.41000104373997504
2251,0.4100032345456847
2252,0.4100040928200825
2253,0.4099975048201522
2254,0.4100051105058968
2255,0.4100188763511357
2256,0.4100370401194382
2257,0.4100534525436013
2258,0.4100408364640246
2259,0.41003627630397754
2260,0.41003989774912375
2261,0.4100577471387548
2262,0.41006421923533254
2263,0.41005062912211304
2264,0.41004788168187384
2265,0.41003550449173737
2266,0.4100392605139333
2267,0.4100427309303658
2268,0.41005112375259756
2269,0.41006046783265604
2270,0.41007051567641184
2271,0.4100675479163015
2272,0.4100862981181293
2273,0.4100686352976073
2274,0.4100809534135114
2275,0.4100764384135672
2276,0.41008270325039325
2277,0.4100962087188031
2278,0.41008857868303566
2279,0.41010352374141146
2280,0.41011370985736934
2281,0.4101000963603612
2282,0.41009525364341926
2283,0.41010413605184365
2284,0.41012074795858666
2285,0.41012074207508276
2286,0.41010013487966995
2287,0.410069839242489
2288,0.41005597472799266
2289,0.4100502277981294
2290,0.4100538602193724
2291,0.4100483209707433
2292,0.41004817483070793
2293,0.4100489609121972
2294,0.4100521892842485
2295,0.4100564467941848
2296,0.4100509302905579
2297,0.4100797770616569
2298,0.4100990431896922
2299,0.4101042723740353
2300,0.4101102852281396
2301,0.41013942851190066
2302,0.41011453332502895
2303,0.4101176951887926
2304,0.41011258512399096
2305,0.4101076537238102
2306,0.41013331392443614
2307,0.41014970153255387
2308,0.4101611232407235
2309,0.4101364523314765
2310,0.4101447151597908
2311,0.41014130153640804
2312,0.4101470089643452
2313,0.410129922407598
2314,0.4101277857574931
2315,0.4101302043647849
2316,0.41016406888589674
2317,0.4101526116657099
2318,0.41015636167632236
2319,0.41016697438614186
2320,0.41016727489400007
2321,0.4101588147165337
2322,0.4101568990003999
2323,0.4101586239767916
2324,0.4101670404190037
2325,0.41014853763634923
2326,0.41014956736078406
2327,0.4101491641555233
2328,0.41017194528810264
2329,0.41017125939920496
2330,0.4101758536462095
2331,0.4101892819108125
2332,0.4101870771666219
2333,0.41015910569429653
2334,0.41018629542426316
2335,0.4101894949433215
2336,0.4102027552240127
2337,0.41023011342763804
2338,0.4102338566829611
2339,0.41023699736244246
2340,0.41024114926233013
2341,0.41025506154916225
2342,0.41025568228435516
2343,0.41025549880891454
2344,0.4102738829324057
2345,0.41027930411109237
2346,0.4102788382576928
2347,0.41027935063871707
2348,0.4102835006500027
2349,0.41028801371493334
2350,0.4102731730660921
2351,0.4102792340257238
2352,0.41028382869549956
2353,0.41028126039169627
2354,0.41027827857857324
2355,0.41026745047621727
2356,0.41028213485864573
2357,0.4102956114198696
2358,0.41030743521667856
2359,0.41028943337388296
2360,0.4102797230142848
2361,0.41027324716486463
2362,0.41026502643204693
2363,0.4102651262176761
2364,0.4102581482084778
2365,0.41024973465906406
2366,0.4102428164688838
2367,0.4102356484144004
2368,0.4102309075248311
2369,0.41023298774659595
2370,0.41022532329364064
2371,0.4102220637771946
2372,0.41023565385323746
2373,0.4102122893887737
2374,0.41021813884049907
2375,0.4102291624883734
2376,0.4102298016570368
2377,0.41022214196143697
2378,0.4102233505412267
2379,0.4102037141519831
2380,0.41021792676883556
2381,0.4102145528181842
2382,0.41021231157254767
2383,0.4102218594382521
2384,0.41021406729997006
2385,0.4102425512114786
2386,0.4102367671743239
2387,0.41022906389859815
2388,0.4102085305685549
2389,0.4101920283146026
2390,0.4101926759183292
2391,0.410186711519591
2392,0.4101922240648453
2393,0.41018512539695035
2394,0.41020764244887364
2395,0.4102206011236705
2396,0.41022182189400236
2397,0.4102137885824792
2398,0.41021192739673495
2399,0.4102132736129767
2400,0.41018589551893986
2401,0.4102105026947681
2402,0.4102033524822064
2403,0.4102034268662084
2404,0.4102128473628689
2405,0.41021510374369274
2406,0.4102052134114566
2407,0.4101992644746695
2408,0.4101810944794036
2409,0.41017229129272
2410,0.410184098801532
2411,0.4101847498144813
2412,0.4101776494449677
2413,0.4101789847613475
2414,0.4101908934219913
2415,0.41019726009370555
2416,0.4102061466991502
2417,0.4102053939248277
2418,0.4102087343347063
2419,0.41021866417876296
2420,0.41024010800071636
2421,0.41023132468732443
2422,0.41022935902523233
2423,0.4102266176082612
2424,0.410236390967083
2425,0.41022640417485623
2426,0.41023984174968925
2427,0.4102449340519479
2428,0.41022858521108013
2429,0.41022901099829917
2430,0.41024853629770136
2431,0.4102047750103783
2432,0.4102137414826906
2433,0.4102015786658893
2434,0.4101995054752888
2435,0.41017952950803543
2436,0.41017340278816333
2437,0.41017830487861623
2438,0.41018409353826984
2439,0.4101704892624398
2440,0.4101827127989363
2441,0.4101865652663837
2442,0.4101736234525514
2443,0.4101728907983963
2444,0.4101648202924254
2445,0.41015750102265086
2446,0.4101513619998238
2447,0.4100891135788315
2448,0.4100970509932465
2449,0.41011048291256563
2450,0.410106395733573
2451,0.4101059739038336
2452,0.41014081606272595
2453,0.4101308367797117
2454,0.41013628668689406
2455,0.4101551311075074
2456,0.4101373524164884
2457,0.4101515449702182
2458,0.4101501863562014
2459,0.41016148881221576
2460,0.41015771837366743
2461,0.4101514394212553
2462,0.41016529951161224
2463,0.41016026009417267
2464,0.4101627233542967
2465,0.41015806395208143
2466,0.41014447207692684
2467,0.41014398006980574
2468,0.41014113726970053
2469,0.4101467868545119
2470,0.41015411119898815
2471,0.4101462283966897
2472,0.41015800387364065
2473,0.41015194414621964
2474,0.4101512109529165
2475,0.41015177843801853
2476,0.4101442337739837
2477,0.41016170335456603
2478,0.41018793277645077
2479,0.41018385960699827
2480,0.41020371876658673
2481,0.41018835957998906
2482,0.41019289315869867
2483,0.41018388228816466
2484,0.4101832034878434
2485,0.4101642252175396
2486,0.41016000201009095
2487,0.4101620807868226
2488,0.41016273482556553
2489,0.41016693264328674
2490,0.4101583410263034
2491,0.410153238072877
2492,0.4101359951216619
2493,0.41011146844976865
2494,0.4101229042960715
2495,0.4101307503926645
2496,0.4101262853741078
2497,0.4101433632203187
2498,0.4101323608256183
2499,0.4101390904952198
2500,0.41011101487415264
2501,0.41009631269802643
2502,0.41009379194671586
2503,0.4101018430815287
2504,0.4101017274257987
2505,0.41012080901358633
2506,0.4101246351307144
2507,0.41013744669349994
2508,0.4101359695295218
2509,0.4101568578388583
2510,0.4101392162314799
2511,0.4101452564832963
2512,0.41013591127765764
2513,0.4101216711411185
2514,0.41010514360547584
2515,0.41009766420242777
2516,0.41008550664660937
2517,0.41007386544381275
2518,0.41007469053489354
2519,0.41007379597440946
2520,0.4100674552810488
2521,0.41007068245971223
2522,0.4100682696496712
2523,0.41008005393699776
2524,0.4100964068007072
2525,0.4100969411149663
2526,0.4100901070872955
2527,0.4100716766201552
2528,0.41006798228594876
2529,0.4100713120422037
2530,0.4100511979295025
2531,0.4100389667870534
2532,0.4100382004631346
2533,0.4100342539049894
2534,0.41003804276656175
2535,0.41005761205911884
2536,0.4100646563072916
2537,0.4100504264902854
2538,0.41004973168965864
2539,0.41003038678674747
2540,0.41002806656846624
2541,0.41002183355850297
2542,0.41000763883077923
2543,0.4100023207117002
2544,0.41000837635685
2545,0.4100033065339744
2546,0.4099963546498352
2547,0.4100155891962293
2548,0.4100176619246798
2549,0.4100202458659502
2550,0.41001065212127547
2551,0.4100248749154916
2552,0.4100239609439227
2553,0.4100157891611479
2554,0.4100237339834016
2555,0.4100240527340226
2556,0.4100280640605277
2557,0.41003373746878335
2558,0.41003718727232014
2559,0.4100393933839554
2560,0.41006642025938606
2561,0.4100388722625066
2562,0.410030903819822
2563,0.41003172711052654
2564,0.410041515958945
2565,0.4100370595179515
2566,0.410001486863897
2567,0.40998869766031415
2568,0.4099802535250772
2569,0.4099716397920364
2570,0.40997331434814194
2571,0.4099817420884998
2572,0.4099839475924608
2573,0.41000270300384484
2574,0.41000744833614705
2575,0.40999909492913167
2576,0.40999485438433264
2577,0.40999159360932735
2578,0.40996954334340086
2579,0.40996636908374356
2580,0.4099539229293759
2581,0.40995300545912244
2582,0.40994518635407073
2583,0.40994099870951184
2584,0.4099386277036998
2585,0.409973214550059
2586,0.4099719363019808
2587,0.40997958384564004
2588,0.409963393915551
2589,0.40995263548409555
2590,0.4099459084197735
2591,0.40995527209411503
2592,0.4099664931134957
2593,0.40996594991532764
2594,0.40996479538191427
2595,0.40998239389605595
2596,0.40995937922395953
2597,0.4099410580178636
2598,0.4099388283160023
2599,0.4099485834150896
2600,0.40995567143840084
2601,0.40995594178531386
2602,0.4099566038967444
2603,0.40995546438426655
2604,0.40993762684925206
2605,0.4099446258552154
2606,0.4099440606456334
2607,0.40991685303586817
2608,0.40991349532154553
2609,0.4099206901622287
2610,0.4099126329585279
2611,0.40990114444953846
2612,0.40990977881359963
2613,0.4099100410777216
2614,0.40990661105861137
2615,0.4099247077428779
2616,0.4099169972173301
2617,0.4099244708501153
2618,0.40990811953665496
2619,0.4099265803039668
2620,0.40992317284148916
2621,0.4099001212269881
2622,0.4098969292114146
2623,0.40990145144971146
2624,0.4098802397812533
2625,0.40986550698196894
2626,0.40986022864519467
2627,0.40984215055052364
2628,0.40983080114695686
2629,0.4098279340404191
2630,0.4098530153798901
2631,0.4098843655675086
2632,0.4098803211965658
2633,0.40987108900285746
2634,0.40988019873668924
2635,0.40987556791972873
2636,0.409858291895038
2637,0.40985930350635036
2638,0.40985581249045216
2639,0.4098521109536104
2640,0.40986237415626975
2641,0.4098509374727784
2642,0.40985503049881067
2643,0.4098496698795051
2644,0.4098341460850724
2645,0.40983331741398404
2646,0.40984502030285824
2647,0.4098124061881012
2648,0.40981472567958127
2649,0.4098282157147593
2650,0.4098262303109278
2651,0.4098272958218279
2652,0.4098239654297051
2653,0.40981919938383565
2654,0.40982479911095715
2655,0.40982285178141853
2656,0.40981734149748694
2657,0.40982341159580865
2658,0.40982036191859317
2659,0.409820952500452
2660,0.4098208459802255
2661,0.40981361156522345
2662,0.4098257549483644
2663,0.4098340168946131
2664,0.409835009875431
2665,0.40984817672453133
2666,0.4098427625693431
2667,0.409860760837264
2668,0.40988120459596883
2669,0.4098788214667182
2670,0.409868241880222
2671,0.4098653991611435
2672,0.4098649389946054
2673,0.40986224807784094
2674,0.409872491414978
2675,0.4098790880564616
2676,0.40988881862669974
2677,0.4098846565275427
2678,0.4098627662431609
2679,0.4098550815485834
2680,0.40984777812372414
2681,0.4098504957262057
2682,0.40985012494408557
2683,0.40986162967454687
2684,0.4098647656337825
2685,0.40987678581667963
2686,0.4098781257473485
2687,0.40987088026413304
2688,0.40986389683964136
2689,0.40987204923015
2690,0.4098887007423626
2691,0.4098952464204178
2692,0.4099052398634061
2693,0.409894600397614
2694,0.40989387200858113
2695,0.4098848625763725
2696,0.4098986520421804
2697,0.4098675712270004
2698,0.4098863959386569
2699,0.4099139652440034
2700,0.40993557659592234
2701,0.4099334638490321
2702,0.4099214120333553
2703,0.4099205328716827
2704,0.4099213819405913
2705,0.4099415168118403
2706,0.4099603328166464
2707,0.40996844131405064
2708,0.4099437001825773
2709,0.40992975039411345
2710,0.40992172293597656
2711,0.4099139630637217
2712,0.40994241048891317
2713,0.4099466751019579
2714,0.40994965460005034
2715,0.40994831844072804
2716,0.4099599930217122
2717,0.4099876816429564
2718,0.4099346022316858
2719,0.4099119042919457
2720,0.4099207644416481
2721,0.4099050127790372
2722,0.40990430007024176
2723,0.40990419895151126
2724,0.4099147857901759
2725,0.4099159862345403
2726,0.4099149396128045
2727,0.4098786323610508
2728,0.40988565357198153
2729,0.4098922955669326
2730,0.40989137901382683
2731,0.4098749059270273
2732,0.40989381375809514
2733,0.4098978174228593
2734,0.4099201659090519
2735,0.4099113462592714
2736,0.4099206004288915
2737,0.4099114508249005
2738,0.4098941413113284
2739,0.4098822595521206
2740,0.40986792401781835
2741,0.4098711010161117
2742,0.40986680738266223
2743,0.40985658393677704
2744,0.4097561072874624
2745,0.40974912002858394
2746,0.40974067442837064
2747,0.40974460608154306
2748,0.40974363454797197
2749,0.40972851307548425
2750,0.40973881044724203
2751,0.40973780584733355
2752,0.4097375537611252
2753,0.4097462591641344
2754,0.40974396837979016
2755,0.40975768723043604
2756,0.4097529072753164
2757,0.4097640891766038
2758,0.4097706159193836
2759,0.4097505140164552
2760,0.40975182627405854
2761,0.40974525051068
2762,0.40975547744558866
2763,0.40973998146648205
2764,0.40971779009243137
2765,0.40972449177200865
2766,0.4097254649376532
2767,0.4097493191170448
2768,0.40973731164502514
2769,0.4097441738635111
2770,0.4097626939397856
2771,0.4097730248586872
2772,0.4097747492196291
2773,0.40976989777667294
2774,0.4097905823677593
2775,0.40978850606854617
2776,0.40977675101831534
2777,0.40977746104564117
2778,0.4097680579638283
2779,0.40976588344309545
2780,0.4097535585525048
2781,0.4097656091337607
2782,0.40976459028222834
2783,0.409751266039824
2784,0.4097630668479091
2785,0.4097579856432752
2786,0.40975421207008633
2787,0.40974144159403036
2788,0.40974019843320303
2789,0.4097544470457104
2790,0.4097465149740844
2791,0.4097509600417446
2792,0.4097608268426971
2793,0.4097657322205159
2794,0.4097625659414944
2795,0.4097375899141999
2796,0.40975467967641144
2797,0.40973524280868606
2798,0.4097298226926124
2799,0.4097150412977635
2800,0.40971268464394645
2801,0.4097201234355202
2802,0.40973675069592763
2803,0.40973591718899616
2804,0.40974574197777835
2805,0.40975537786841437
2806,0.40972318910492067
2807,0.40971789051618523
2808,0.4097258870977468
2809,0.40972327244717077
2810,0.4097111897343382
2811,0.4097160617698735
2812,0.4096973695970406
2813,0.4096811264843721
2814,0.409688955838961
2815,0.40970642039903465
2816,0.4097075950078905
2817,0.4096920275581526
2818,0.4096780904980474
2819,0.40967366426873375
2820,0.40968592278264176
2821,0.40967056336706364
2822,0.4096706028531851
2823,0.4096731933154549
2824,0.4096551726475723
2825,0.4096408037358903
2826,0.40964987722218854
2827,0.4096538400750955
2828,0.4096523735761657
2829,0.4096579929845255
2830,0.40966457505547
2831,0.40967052772924617
2832,0.4096551148830154
2833,0.4096775254667112
2834,0.4096654034959704
2835,0.4096748642812911
2836,0.4096775309857956
2837,0.4096782152211139
2838,0.40968222501013424
2839,0.4096803743953957
2840,0.4096785047528815
2841,0.409688270354097
2842,0.4096700438687295
2843,0.4096645750647088
2844,0.4096517203689871
2845,0.4096443762748234
2846,0.4096418694966476
2847,0.40966629980521324
2848,0.409633918180356
2849,0.4096249988917168
2850,0.4096022140758584
2851,0.4095968864045833
2852,0.4095903481091385
2853,0.40960522640080443
2854,0.40958957512851746
2855,0.409593274053725
2856,0.4095966827272869
2857,0.40959002568940933
2858,0.4095991050021059
2859,0.40960180436604227
2860,0.40960574855481763
2861,0.4096591118947651
2862,0.409661309365529
2863,0.40966986966366925
2864,0.40966087625090747
2865,0.40963970028235314
2866,0.40963055442997864
2867,0.40962047564198995
2868,0.40962736165653446
2869,0.4096198429307398
2870,0.40963148338656685
2871,0.40966617520213217
2872,0.4096730634952045
2873,0.4096600616012935
2874,0.40965965062234777
2875,0.40965859002391525
2876,0.4096514957280146
2877,0.40964248861011
2878,0.40963985960005167
2879,0.40963804109427565
2880,0.4096057827715007
2881,0.4095972397199054
2882,0.4095773306918843
2883,0.4095772480116497
2884,0.40954141747093925
2885,0.40955654617053155
2886,0.4095526145665471
2887,0.4095395218554844
2888,0.4095561051604677
2889,0.40957435317404983
2890,0.40957970323333004
2891,0.4096143852778691
2892,0.40963082731703837
2893,0.40961208195902604
2894,0.40959735779878637
2895,0.40957466354259925
2896,0.40957898226596373
2897,0.40956480686600866
2898,0.40958121599966407
2899,0.40956766489231977
2900,0.4095813772704682
2901,0.4095900949924553
2902,0.4095987346323653
2903,0.4096038886590858
2904,0.40961157428523154
2905,0.4096173846727532
2906,0.4096046763648721
2907,0.40960738486659326
2908,0.40962374262245577
2909,0.4096136550528005
2910,0.4095963766158661
2911,0.4095845207010333
2912,0.4096008569015064
2913,0.40960644043496597
2914,0.4095954464495403
2915,0.409599264733422
2916,0.40956636615393127
2917,0.40956248502792914
2918,0.4095692300846798
2919,0.4095705434849386
2920,0.4095729722855002
2921,0.40958211308875636
2922,0.4095842450312216
2923,0.40958329468263505
2924,0.4095850129371318
2925,0.4095864349442965
2926,0.40959897255029437
2927,0.40960199545992476
2928,0.4096107518193063
2929,0.4096002566473809
2930,0.409592099928454
2931,0.40959171770317443
2932,0.4095651792886364
2933,0.4095681986420047
2934,0.4095522606592154
2935,0.4095726005929363
2936,0.40956498747432674
2937,0.40953864725790917
2938,0.40954014810617745
2939,0.4095433892059846
2940,0.40953286715990855
2941,0.409536118991824
2942,0.4095356044960932
2943,0.40955689940332907
2944,0.4095622436642015
2945,0.40957933889853704
2946,0.4095905117984224
2947,0.40958766428203325
2948,0.4095603327731427
2949,0.4095806894169032
2950,0.40955352405769707
2951,0.40956697923356755
2952,0.4095731042160062
2953,0.409553812413298
2954,0.40956020340701416
2955,0.4095634983910772
2956,0.40955633629278276
2957,0.4095510134215644
2958,0.40954046254525256
2959,0.4095355232662358
2960,0.40951748857899584
2961,0.40951691960070974
2962,0.4095197020964696
2963,0.40951346427814944
2964,0.40949966381583486
2965,0.4095128787343343
2966,0.40953195690082606
2967,0.40954097387167676
2968,0.4095287154104091
2969,0.40954576457262293
2970,0.40955009270246945
2971,0.40956798211542655
2972,0.4095503281338066
2973,0.40951660422421
2974,0.4095123981639621
2975,0.40951420056388194
2976,0.4095307058901205
2977,0.40952376785228783
2978,0.40950990951066735
2979,0.40948813181751287
2980,0.40950316584777596
2981,0.40950091914571973
2982,0.40949256664354944
2983,0.4094863918393524
2984,0.40947756580069405
2985,0.4095036250930716
2986,0.4095389223474923
2987,0.40953604229888024
2988,0.40953809754426634
2989,0.4095243635564218
2990,0.40952760217560924
2991,0.40950477014563846
2992,0.40948877492045527
2993,0.4095083134869064
2994,0.40950455606179403
2995,0.4094949306444392
2996,0.4095095298666658
2997,0.4095120051708731
2998,0.4095112358928653
2999,0.409532639360491
3000,0.40951847443618566
