round,valid_error,catboost_error,lightgbm_error,xgboost_error
20,0.19936925823213628,0.19836122374284507,0.20036224734446556,0.2009074751081414
40,0.19632540201474968,0.19745947937105984,0.19449183892416472,0.19625018497433844
60,0.19352628971723082,0.19586932309126592,0.19090939086755326,0.19289331913070015
80,0.19058649646298806,0.19447319975183283,0.18761492384172646,0.19068817108562372
100,0.18859584039770952,0.19333268703354714,0.18498704304346356,0.1886806497762781
120,0.18652419228112793,0.19205149335853755,0.1834484188802014,0.18663657281910204
140,0.18489718791334742,0.19038039096628095,0.18214681210459516,0.18520037550724
160,0.1836868029088651,0.1893072079702534,0.18089387290949502,0.18446727413193198
180,0.1829694991392834,0.18795754802638442,0.1802699261877187,0.18383401110524517
200,0.18246654953297853,0.1863655948489055,0.17944187799190664,0.18273321101097179
220,0.18151897914729276,0.18537113081097845,0.17958085392862624,0.18172408591391964
240,0.18046898191020694,0.1849022106954748,0.17899984571530458,0.18051119772182828
260,0.1801596579570059,0.18435811947840025,0.17844279845910924,0.18038774335758812
280,0.18007812040172003,0.18394682189989647,0.177565376392867,0.17960767942177824
300,0.1797992780827906,0.18332678438306646,0.1773340651078424,0.17901307778767228
320,0.17926193763726783,0.1826190729516421,0.17673221353724688,0.1782347418412869
340,0.17854408876390807,0.18235486872241755,0.17622099229495214,0.17850183357595734
360,0.17865724450006681,0.18181464077144893,0.17653756618464267,0.17772458823733284
380,0.17843275289485455,0.18164495310605122,0.17601734404701372,0.1775334198329977
400,0.17816679770678534,0.18147064994578316,0.17525876085014128,0.1774010105122637
