update,train_rows,valid_error
1,2000,0.7369622041239177
2,4000,0.20851087861085693
3,6000,0.20898157265462539
4,8000,0.20921240774413247
5,10000,0.20937529869913804
6,12000,0.20925823375803304
7,14000,0.20925823375803304
8,16000,0.7871640255579064
9,18000,0.7803060880267966
10,20000,0.7828635215029489
11,22000,0.4792744273415125
12,24000,0.2128433228187746
13,26000,0.21182998951410914
14,28000,0.20692583699087105
15,30000,0.2066967528602086
16,32000,0.20672675829896264
17,34000,0.20685348448648552
18,36000,0.20677476552838503
19,38000,0.20708084062772353
20,40000,0.20745201829495796
21,42000,0.2077337710887535
22,44000,0.20774056779914568
23,46000,0.2077831219897635
24,48000,0.20794821712971104
25,50000,0.20863051564783153
26,52000,0.20860071733406382
27,54000,0.20981078692896982
28,56000,0.20966935374348156
29,58000,0.2098305167090626
30,60000,0.20968230978260233
31,62000,0.212295752653431
32,64000,0.2122137159332074
33,66000,0.2123007065272978
34,68000,0.21208523878683988
35,70000,0.21170108211106445
36,72000,0.21182496673198178
37,74000,0.2134039868397601
38,76000,0.21281656623388315
39,78000,0.21258636852603963
40,80000,0.21252301691698822
41,82000,0.21008833151515205
42,84000,0.21092392865012066
43,86000,0.21144481113883334
44,88000,0.21152284677642993
45,90000,0.21145658469251252
46,92000,0.21155896560507226
47,94000,0.2113151744764444
48,96000,0.21150136603749253
49,98000,0.21158224324169467
50,100000,0.21150529821185896
51,102000,0.21151998224040422
52,104000,0.21180282564196065
53,106000,0.2119646259892053
54,108000,0.21224922034960633
55,110000,0.211706127862612
56,112000,0.21165352810773946
57,114000,0.21140291729929925
58,116000,0.2114623597034043
59,118000,0.21147990826797528
60,120000,0.21133849805190716
61,120583,0.2114731115575831
